AS,LOH_n_seg,LOH_frac_altered,MutationsSilent,MutationsNonSilent,CNV_segs,CNV_frac,HRD,purity,Treg_cluster,Study Abbreviation_BRCA
19,51,0.157576402746089,0.2069599148,0.45991092170000003,313.0,0.9998649382904372,15,0.81,1,1
22,89,0.18594037200618507,3.0502960016000005,9.4581120625,298.0,0.7296934253023086,32,0.64,0,1
13,133,0.1359763490286086,0.1486985531,0.531066261,483.0,0.5852082988324235,31,0.53,0,1
4,18,0.030413949007338726,0.1248882999,1.0240840592,104.0,0.095868136463929,7,0.61,0,1
7,39,0.06039923799614584,0.1018158423,0.35635544799999996,109.0,0.23680294965282506,16,0.47,0,1
3,44,0.04412667577147755,1.3638421297999999,2.8156740745,101.0,0.07022695216972101,9,0.53,0,1
14,64,0.1501605830871488,0.3158998154,0.5866710857,216.0,0.41386592140718975,15,0.83,1,1
0,2,0.000806390863909578,0.0968730885,0.41978338340000004,65.0,0.00080166510216155,0,0.77,1,1
11,26,0.22175024519023773,0.22261142739999998,0.8069664243000001,119.0,0.2914986670344897,25,0.51,0,1
10,12,0.16681852184649354,0.28183155460000003,0.6661473109,111.0,0.2465764737310181,15,0.47,0,1
14,21,0.1103783806754913,0.4142020054,1.2426060163,121.0,0.3947512758840627,23,0.44,0,1
4,16,0.0447987935818295,0.2113595811,0.7850498726,89.0,0.12925576427223098,12,0.64,0,1
2,11,0.08417822837348674,0.7479331062000001,2.2953809121,135.0,0.1824998418922528,32,0.44,1,1
15,13,0.2450303593214955,1.9322795788,4.9514664206,57.0,0.3858656999520598,13,0.54,0,1
24,76,0.17180905771579771,0.21329369480000002,0.7998513556,417.0,0.787482186184291,22,0.61,0,1
16,34,0.21106972274277955,0.4940414078,1.5644644579,314.0,0.8400316386102663,33,0.95,1,1
3,13,0.08457575742498367,0.2141002576,0.48937201729999996,117.0,0.18079124234719496,14,0.6,1,1
18,30,0.18255533922721587,0.3906855046,1.4425310938999998,216.0,0.6574112223176801,10,0.51,0,1
13,41,0.30010035287737397,0.3657348325,1.3785389839,327.0,0.5967311764425733,19,0.63,0,1
3,21,0.06403080802375953,0.28970498570000003,0.7403571856000001,144.0,0.10944553181030868,8,0.81,1,1
3,3,0.0267984227931948,0.3458999863,1.06430765,63.0,0.08617808829673873,7,0.72,1,1
9,111,0.4103730552563393,0.7648706910999999,3.1960668163999997,467.0,0.7482038995353704,83,0.6,0,1
11,16,0.41652218860336815,0.41353122700000006,0.8821999508,97.0,0.212835541826102,16,0.2,0,1
5,22,0.2074912881488446,0.5840169251,2.0301540731,185.0,0.5295740931551484,36,0.88,1,1
14,103,0.5478801092806679,0.6789894769,2.2350070282,414.0,0.8638740520486273,77,0.61,0,1
21,559,0.5174715763421572,0.382546324,1.2842626590000001,1602.0,0.8101520657483712,59,0.82,1,1
6,18,0.07092973226969157,0.2567136905,0.6845698414,198.0,0.11340540107912918,10,0.84,1,1
17,43,0.21683857373467494,1.0700120123,3.2945106694,394.0,0.4661552452196828,22,0.3,1,1
8,50,0.17829766050950366,0.3478915976,0.6957831952,247.0,0.256104393968067,18,0.59,0,1
4,25,0.0569700824137408,0.2470954818,1.1531122486,287.0,0.16666325450112854,20,0.6,0,1
4,7,0.053198917343901635,0.236113972,0.2597253692,81.0,0.1005204481037682,7,0.69,0,1
25,70,0.3966320576379245,1.0186765772,2.7611496698,287.0,0.2953317697401655,38,0.14,0,1
24,48,0.29098638165060997,0.4571562714,1.4857578821000001,386.0,0.7202012779607874,40,0.38,0,1
8,8,0.14206892779732844,0.0,0.0,62.0,0.1808548706397106,13,0.63,0,1
5,4,0.04080327497619824,0.1678990316,0.9794110175,109.0,0.08700564702637417,5,0.47,1,1
5,4,0.07875226100022609,0.3272127194,0.8180317986,47.0,0.11975934265071662,4,0.8,1,1
6,4,0.12616845287329226,0.7670918326,2.4140831202,57.0,0.08904092352900872,2,0.23,0,1
17,4,0.13351724330190584,0.34335482170000003,0.8187691901999999,67.0,0.8528352659285905,3,0.54,1,1
25,33,0.2821521235956116,0.8632663258,2.1293902704,168.0,0.9144743697777676,30,0.8,1,1
20,32,0.18095557518525693,0.3901419055,1.1425584375,171.0,0.5461074361189663,21,0.57,1,1
24,6,0.2041255645138499,0.1094509829,0.5472549146,73.0,0.6144774764093518,3,0.46,0,1
15,92,0.21123863835536394,0.5128840938,1.5116583818,419.0,0.9174145959032326,44,0.58,0,1
19,55,0.1462339976073988,1.9709942115,6.5506572324,216.0,0.5479899394590235,21,0.45,0,1
17,167,0.4879175428331475,0.7000099888,1.9782890989,565.0,0.870993255135885,62,0.69,0,1
10,64,0.22272982133638114,0.5229170882999999,1.2201398728,356.0,0.9184553200200992,30,0.76,1,1
13,182,0.6937758074783251,0.5783917152,2.148312085,455.0,0.9710601739635352,73,0.53,0,1
5,19,0.015826308469610518,0.217892,0.6809125001,59.0,0.1107517471603397,4,0.7,0,1
19,49,0.22829623437410884,0.2102230382,0.8408921529000001,290.0,0.9313258222089988,31,0.72,1,1
5,2,0.03291130490023608,0.0281673391,0.7041834779999999,51.0,0.10246934911835816,8,0.72,1,1
9,10,0.1304254925563849,0.21808750719999997,0.8178281520999999,67.0,0.22109574847275354,7,0.42,0,1
22,7,0.08742365828744522,0.2791598751,0.6141517250999999,77.0,0.5687311151002701,7,0.47,0,1
21,26,0.3203978129670101,2.0963083819,5.0093602892,217.0,0.5775382169217157,38,0.38,0,1
4,12,0.04597721901914691,0.1647127118,0.6863029657999999,135.0,0.07560213188424891,7,0.77,1,1
0,0,0.0,0.1357979171,0.2172766673,75.0,0.005626082756839597,1,0.88,0,1
22,7,0.13768190557073706,0.40833691130000005,1.0616759693,130.0,0.6784422010780322,7,0.81,1,1
26,5,0.06692250549327823,0.30227415960000004,1.2090966386,99.0,0.5453345397006396,3,0.66,1,1
15,15,0.17300062796053106,0.34363158039999997,1.7181579022,170.0,0.4430860486144976,25,0.45,0,1
2,16,0.06866419976546548,0.081154032,0.37871881590000006,115.0,0.07236328476516443,8,0.46,0,1
5,17,0.04110058402339516,0.1474124878,0.6780974437,196.0,0.10030320337610288,10,0.61,0,1
23,48,0.30889200392015703,2.0450642171,4.9957997303,370.0,0.6945128197232467,49,0.51,0,1
4,18,0.10248433375400016,0.2171348138,0.7871137001999999,87.0,0.11783932823213925,18,0.56,0,1
13,44,0.4536286948718879,0.44142283649999997,0.8534174837999999,173.0,0.7354812212364871,35,0.63,0,1
13,37,0.4030250629893081,0.3331146436,1.6322617535,212.0,0.4790265730714996,32,0.52,0,1
11,61,0.4621362583176698,0.2391828048,0.5846690785,218.0,0.6610017558898342,36,0.57,0,1
2,13,0.04348205955617997,1.0753693585,2.9841499697000002,148.0,0.10425230266391926,10,0.65,0,1
4,56,0.27277421713715483,1.337582558,4.5534725379,263.0,0.46348838256421904,70,0.56,0,1
17,26,0.10017227866531846,0.2458816514,0.5839689220000001,289.0,0.3842060316412662,31,0.19,0,1
34,54,0.5916805405826844,0.2073555777,0.7405556347,220.0,0.9462791668790412,26,0.7,0,1
31,52,0.2718125099927393,0.3639812652,0.783959648,241.0,0.9066092672438342,39,0.51,1,1
7,19,0.18823147038352112,0.34657263920000003,0.746464146,119.0,0.2602763006218829,15,0.49,0,1
5,19,0.021137938555171504,0.0549470913,0.41210318479999997,75.0,0.11530473365421975,3,0.6,1,1
6,5,0.06431216718962343,0.228661201,0.485905052,61.0,0.22889103610488715,4,0.55,0,1
12,27,0.2300852631536851,0.1603338664,0.5344462214,167.0,0.5734775996577758,23,0.49,0,1
4,15,0.06915080290722464,0.1348223546,0.5662538892,101.0,0.11101733981099124,6,0.66,0,1
6,8,0.06784410734891459,0.7399810269,1.6481395599000002,56.0,0.09347486737084584,8,0.5,0,1
24,63,0.5427144756098924,0.2674804993,0.6954492981,248.0,0.8363920314575976,40,0.66,1,1
4,13,0.09362987215242577,0.410044677,0.6150670155,116.0,0.1292707271689545,14,0.81,1,1
29,14,0.08849731625386036,0.6643526973,1.3287053947,319.0,0.8923847506531609,29,0.6,1,1
17,22,0.18495224400667887,0.66296733,1.8941923715,122.0,0.4896688756188257,21,0.43,0,1
4,5,0.09648616657690592,0.16480988189999998,0.3021514502,84.0,0.18910245056467528,7,0.44,0,1
25,34,0.2366310492612768,0.5312992522,2.0366471334000003,221.0,0.7376683292448558,25,0.56,1,1
6,5,0.10759693936024388,3.0238365768,7.954597121,59.0,0.18978465586979928,6,0.4,0,1
4,8,0.11516733032274032,0.3809303336,0.5713955005,84.0,0.13008470857484122,8,0.33,0,1
27,91,0.3834710058164944,0.6407802229,1.9502006784,361.0,0.6519394400203582,36,0.58,0,1
25,49,0.2945921336103223,0.516725604,1.550176812,293.0,0.7354607880498067,44,0.59,1,1
12,42,0.1792024396162639,0.2587281585,1.0636602070999999,206.0,0.3999059479766698,34,0.9,1,1
21,44,0.15829557951709214,0.7529745633,1.7011647540000001,574.0,0.8541677484713291,33,0.85,1,1
14,28,0.2173329924734864,0.1653786153,0.5622872921000001,135.0,0.5822714547602863,17,0.72,0,1
2,4,0.021505069248425282,0.1632290733,0.6202704784,72.0,0.10090281091378167,4,0.48,0,1
16,14,0.030727834571093283,0.0825642087,0.5504280583,101.0,0.9429968101048182,10,0.51,0,1
20,29,0.36357703624128535,0.3002655669,0.7206373604999999,195.0,0.6744219804077634,17,0.42,0,1
4,18,0.04023854561322157,0.3488879502,0.7849978879,135.0,0.15313058675347352,11,0.78,1,1
4,9,0.04432568458191825,0.16965533870000002,0.5655177956,74.0,0.12594643026937255,8,0.44,0,1
5,5,0.0958415324047283,0.7324947283,2.4228671781999997,65.0,0.1189101352591797,6,0.38,0,1
10,37,0.2136283049502765,0.1300448629,0.9428252559,150.0,0.3264100361496535,14,0.66,0,1
7,31,0.12831242168776955,0.5389137815,1.3472844539,202.0,0.2362652030414725,33,0.57,0,1
5,30,0.20625173422929527,0.33989687590000006,1.3904872196,154.0,0.3777401047397949,53,0.66,0,1
6,11,0.08289876369711491,0.0,0.0,73.0,0.14038770802684386,9,0.49,0,1
5,16,0.14077651719954015,0.110760792,0.17721726710000002,86.0,0.20214380163906448,13,0.5,1,1
22,89,0.3086385272425707,0.0,0.0,223.0,0.7895616262743149,52,0.43,0,1
14,88,0.3605218264708032,0.30589547100000003,1.3983792959,158.0,0.6874353089853819,66,0.4,0,1
10,86,0.20220411012744324,0.1082336357,0.3679943615,171.0,0.3358770003885205,10,0.9,1,1
6,26,0.05932450132294141,0.1058301826,0.7831433515999999,107.0,0.1244432858390491,8,0.66,1,1
23,100,0.2817003603998457,0.19344155329999999,0.6233116717,185.0,0.6515052078384831,13,0.55,0,1
8,15,0.04645749179507022,0.0,0.0,114.0,0.3751551224747394,9,0.39,0,1
9,61,0.08867880293781419,0.2204574991,0.6613724974,131.0,0.3486100231829477,21,0.27,0,1
6,187,0.3591897736424098,0.8610503837000001,3.0136763431,282.0,0.5915050401579567,55,0.63,0,1
5,132,0.3375676416751189,0.0,0.0,218.0,0.3425620960306445,58,0.49,0,1
20,82,0.3730592317586688,0.0,0.0,91.0,0.6012667699279324,0,0.37,0,1
0,17,0.01220620003132657,0.0,0.0,43.0,0.02428696883473722,2,0.24,0,1
0,6,0.00022008150943392734,0.0,0.0,55.0,5.442494178248867,0,0.64,1,1
26,90,0.2638477056874648,0.19964099230000001,1.4862162757,240.0,0.7147779989252998,29,0.45,1,1
13,36,0.11823692287031425,0.1509045597,0.5605026502,111.0,0.4611223252504912,11,0.56,0,1
11,146,0.4511762023347717,0.49861127689999996,1.1785357455,228.0,0.9130288447617181,65,0.58,0,1
27,8,0.15259456296044782,0.30590187809999997,0.5506233806,75.0,0.9015527969433288,10,0.86,1,1
10,65,0.2966126993394805,0.8141400569,2.5328801769,225.0,0.7324750611508919,50,0.73,0,1
7,14,0.11445150446650212,0.5656100422,1.0055289639,158.0,0.12210141939713365,11,0.39,0,1
3,6,0.017947658123421632,0.2181082438,0.810116334,83.0,0.06272337573926268,4,0.78,1,1
22,104,0.25402362827391595,0.35649497,1.5151036224,436.0,0.9254833351987608,54,0.81,1,1
7,20,0.07722411596778772,0.2380656641,0.5654059522,251.0,0.1879917220606479,16,0.8,1,1
16,85,0.5002009658723473,0.7678999598999999,3.5217480919999997,365.0,0.9186364219384602,74,0.55,1,1
17,2,0.02761274404681353,0.333572987,0.5559549783,69.0,0.8979048722627879,4,0.61,1,1
28,223,0.6175682332934282,0.4917547042,1.7881989243,684.0,0.8558332634440019,46,0.55,1,1
22,29,0.30064043070444824,0.4974646938,1.0175414191,168.0,0.6514990435694022,31,0.83,1,1
25,12,0.1245226328018386,0.1583745408,0.9238514883,207.0,0.924575450468162,9,0.65,0,1
4,4,0.05190437877581027,0.316274348,0.5462920556,109.0,0.11498029298803344,9,0.86,1,1
5,22,0.0767432648858286,0.0,0.0,115.0,0.12147700362437458,14,0.44,0,1
5,18,0.08171554271984383,0.304357903,0.8261143081,48.0,0.3102860757541654,4,0.72,1,1
9,20,0.2500827283422833,0.34075722159999994,0.9086859243000001,80.0,0.4288843036663818,25,0.46,0,1
10,32,0.346041877416085,0.5324816939,1.2424572859,130.0,0.4753436562760925,31,0.38,0,1
8,13,0.09920168925036472,1.0248226128,3.0424421318,79.0,0.2274909587590273,18,0.63,0,1
26,72,0.5585719713148368,0.1528312696,1.0392526331,260.0,0.6793305629884687,38,0.55,0,1
18,40,0.14419806304378474,0.16498020800000002,0.37120546810000005,91.0,0.4667968374497438,15,0.71,0,1
17,67,0.13648529126558376,0.2869178525,0.573835705,343.0,0.7321957295058796,39,0.55,0,1
1,2,0.008318855576469789,0.0,0.0,47.0,0.07998817853637903,3,0.43,1,1
5,26,0.12670116644863216,0.0,0.0,143.0,0.29806805436569705,18,0.9,1,1
11,0,0.0,0.0,0.0,52.0,0.9138737936747048,0,0.87,0,1
6,17,0.1902947303069986,0.0,0.0,62.0,0.33476507715390297,17,0.55,0,1
0,6,0.002308645641522757,0.2963789311,0.40222854939999997,55.0,0.002250166022473597,0,0.74,1,1
25,24,0.06798101275969316,0.147338058,0.5402395461,109.0,0.9999933139331731,10,0.48,1,1
7,29,0.09081579108048576,0.0,0.0,59.0,0.17078043790765216,10,0.44,0,1
10,105,0.3607914184636945,0.0,0.0,136.0,0.456601788510917,59,0.43,0,1
18,50,0.12861415951766986,0.0,0.0,143.0,0.5146198509472485,22,0.67,1,1
20,220,0.4521533544734988,0.1932396442,0.8159007198,434.0,0.8906946022076535,46,0.48,0,1
15,254,0.5566810621789731,0.476773936,1.7770664888999999,348.0,0.8117182692467589,60,0.49,0,1
22,116,0.2919373553875203,0.0,0.0,259.0,0.9289033423413648,33,0.77,0,1
14,148,0.33871295881668784,1.1943267621,2.455005011,323.0,0.6727290699428125,34,0.64,1,1
19,325,0.5014984840458796,1.0266495353,3.6399392615,635.0,0.9614672050388452,55,0.77,1,1
2,9,0.015947181717927774,0.1344303688,0.5601265366,75.0,0.05971147402655131,4,0.57,0,1
3,10,0.034489567549615574,0.1343130666,0.5820232885000001,62.0,0.0683594969545694,6,0.39,1,1
23,296,0.4858862811342452,0.2566042768,0.9331064609,543.0,0.7168461904319867,59,0.53,0,1
13,174,0.3955322823205744,0.35592807460000003,1.233883992,296.0,0.9217758025428221,48,0.76,1,1
17,126,0.2711858836782348,0.6697231492,2.3663551271000003,291.0,0.7495180308732367,68,0.8,1,1
7,211,0.4450987337116589,0.40891763020000005,1.8855646284,387.0,0.9479016077824616,76,0.59,0,1
21,17,0.1631757546436221,0.26730481629999997,0.9207165895999999,117.0,0.6250126504547349,20,0.83,1,1
22,43,0.31011454459759197,0.34482036549999995,1.9435329693,162.0,0.7877814524171315,30,0.64,0,1
5,5,0.04852929540711032,0.2678384978,0.9225548256999999,51.0,0.09445907780766602,8,0.65,1,1
20,84,0.2016840558817845,1.8450550981,5.7946261675,591.0,0.7103534818494883,38,0.78,1,1
20,117,0.22720700823691825,0.45266754270000004,1.5994253174000002,968.0,0.7991768380612285,63,0.57,0,1
27,35,0.23438413034146705,0.087579596,0.7298299665000001,142.0,0.7920666411333829,31,0.68,0,1
19,243,0.3866417163585378,0.574918978,1.7550158277,886.0,0.7830484654341042,67,0.67,0,1
11,103,0.3259587337003675,1.602432659,5.2524181599,402.0,0.6119961486652701,59,0.58,0,1
12,16,0.21466400975684072,0.2762937732,0.7674827034,84.0,0.8520921814082356,4,0.92,1,1
24,100,0.3576444473846053,0.587725166,1.9101067894,310.0,0.9145414716720668,31,0.83,1,1
19,47,0.3735349712836489,0.5557774843,1.8790572087000001,258.0,0.7830282000946456,55,0.52,0,1
20,29,0.12398024496558185,0.2782525763,1.9786849869999998,208.0,0.5910859770587629,21,0.58,0,1
14,40,0.17709875509534145,0.5577428207,1.7025833472999998,202.0,0.6693003392826815,31,0.73,1,1
16,41,0.15766408230303358,0.5154494293,1.8495538346,274.0,0.6720642640379395,29,0.74,1,1
6,47,0.15790241195253266,0.2965004403,1.4016384453,155.0,0.21379085019535105,20,0.52,0,1
22,4,0.02302669410909464,0.2998684807,0.7496712017,71.0,0.610400100185786,5,0.68,0,1
5,30,0.19620011733895293,0.4163227956,1.3877426519999998,184.0,0.4029300952730776,38,0.48,0,1
5,106,0.18637415115960235,0.3100101631,1.116036587,359.0,0.2447628902058676,25,0.71,0,1
6,9,0.10716688747946992,0.3940684932,0.8790758693999999,95.0,0.16123584287776385,13,0.59,1,1
5,111,0.35413232726384564,0.5299189283,2.2668754155,404.0,0.6486797941606923,71,0.81,1,1
11,50,0.1799849091119881,0.38638082490000003,1.0402560670999998,358.0,0.313638974470122,23,0.55,0,1
5,22,0.1661017054588078,0.4582100239,1.2524407321,147.0,0.4429587084344139,23,0.77,1,1
26,39,0.4762663342876384,0.6045120726,1.4838023600999999,154.0,0.4292310307589363,33,0.19,0,1
26,36,0.17496139950168624,0.9212793813,3.2987745587,256.0,0.7478988056229936,24,0.68,1,1
11,31,0.7495985881309458,0.179944998,0.449862495,124.0,0.93595631238072,11,0.88,1,1
22,69,0.2878888562822526,0.6282489633,2.6924955572000004,291.0,0.920379659694334,33,0.69,0,1
5,15,0.07180935568544608,0.2678162451,0.47611776899999997,95.0,0.12370524291088733,12,0.78,1,1
8,7,0.05319727978227912,0.0332641494,0.9313961845000001,63.0,0.18185893068404665,8,0.77,1,1
4,29,0.15573007957120125,0.5172034336,1.8254238831999998,187.0,0.2973669851641911,41,0.84,1,1
13,11,0.08897341587156231,0.1808717621,0.4823246989,98.0,0.27741624141822313,14,0.72,1,1
3,6,0.04203560941998278,0.23436274629999998,0.6152022091,70.0,0.08636933784035121,11,0.7,0,1
19,28,0.234499790792959,0.47686209960000003,1.1921552489,292.0,0.829912279516003,26,0.66,0,1
15,19,0.015826778502529764,0.0,0.0,99.0,0.946921030127037,4,0.9,1,1
24,56,0.0931117379163509,0.2692616066,1.3163900767,364.0,0.9275539782019911,24,0.69,0,1
0,0,0.0,1.5858089132,3.0801288506,71.0,0.03675714571625846,0,0.78,0,1
19,94,0.35232602320017303,0.3376324586,0.9822035159,369.0,0.8094136757494049,33,0.65,0,1
16,64,0.20227850631440794,0.1214769557,0.9110771678,449.0,0.5593638224654249,39,0.63,1,1
9,90,0.4952667363702766,1.6447722180000002,5.819963232999999,250.0,0.9411316807637786,79,0.75,0,1
7,94,0.2160414457080423,0.2542414384,0.635603596,412.0,0.752056924607148,25,0.75,1,1
17,87,0.5207062845291529,1.8818501452,5.5612884888,290.0,0.7585219071836934,85,0.48,0,1
8,14,0.0843943171721296,0.3302182346,1.1107340619,195.0,0.3755588734988081,12,0.78,1,1
23,30,0.4020517176370748,0.2351964281,0.8231874984,202.0,0.6465166449271655,35,0.35,0,1
6,16,0.06787037073312187,0.3600908653,0.810204447,82.0,0.10543580535296596,13,0.62,0,1
17,27,0.1937944237259003,0.3366133139,0.9486375209000001,157.0,0.9163712415639046,13,0.59,1,1
17,13,0.0648444438605677,0.2156862377,0.4929971146,169.0,0.8794361258388923,11,0.76,0,1
24,16,0.30422673014561363,0.45844627670000004,2.0782897875999997,92.0,0.6933779837342746,13,0.71,1,1
22,12,0.07872283006479294,0.999379479,2.560909915,135.0,0.9468976155769608,7,0.78,1,1
11,85,0.41072924310535536,1.3729551091999999,5.064678847300001,297.0,0.8493397356703316,39,0.58,0,1
9,3,0.030580339923894057,1.1067221851,3.4620540151,47.0,0.26300320036790475,6,0.65,0,1
2,2,0.03660473601601843,0.1743698521,0.7846643343,39.0,0.06829153695800119,6,0.63,0,1
17,38,0.16991820105785035,0.8079076384,2.3948690709,290.0,0.7500556088563544,51,0.53,0,1
5,24,0.20669383841501987,0.1256814487,0.8483497790000001,86.0,0.3964320840068984,12,0.86,1,1
13,44,0.27316851450522645,1.4840248582,5.579933467,197.0,0.5837528470412089,70,0.36,0,1
26,7,0.07314859047846327,0.4100080052,1.1354067838,104.0,0.7592476236367207,13,0.69,1,1
19,37,0.19502143216973453,0.39090986619999996,0.6916097631999999,251.0,0.5320177092456845,24,0.84,1,1
4,71,0.1570718505162398,0.5430179417000001,1.0860358833,394.0,0.2359895776201037,24,0.57,0,1
9,33,0.1872708810254973,1.7612161879,6.3990854826,149.0,0.24243417393741004,10,0.61,0,1
16,37,0.14309184793100754,1.1644846166,3.2993730802999996,382.0,0.5480463848717977,34,0.59,0,1
2,34,0.19372768483130995,1.231979186,3.51114068,184.0,0.7825405472192878,51,0.78,0,1
14,84,0.31243055976621154,0.8405423851999999,1.6210460286000001,458.0,0.8450832104459013,22,0.83,0,1
24,176,0.31207317540129403,1.1677019742,3.6228702276,667.0,0.7251995085183683,46,0.49,0,1
20,11,0.2497551171814523,0.5553648117000001,1.8203624385,157.0,0.6133499039706427,16,0.52,0,1
13,15,0.05081934789024446,0.0601106685,0.6311620198,94.0,0.3946246336212016,10,0.63,1,1
3,13,0.026425724244401986,0.2968177041,0.6476022634,77.0,0.07025055421060215,4,0.83,1,1
7,28,0.2395084466490525,0.5147050475,2.1496504925999997,193.0,0.4215616902213197,56,0.73,1,1
21,27,0.07916273715457765,0.5064862048,1.3611816754,138.0,0.5725006240939168,26,0.3,0,1
4,8,0.07486273027746539,9.929543127899999,29.932535806,70.0,0.12047816726544565,10,0.85,0,1
3,12,0.1027144293084492,0.3587756172,1.2557146603,99.0,0.30992603840205424,18,0.62,0,1
17,11,0.03835451193701443,0.4971217617,0.6904468912,108.0,0.6014733499822074,14,0.65,0,1
7,39,0.2111048803149272,0.2755775378,0.6123945284000001,147.0,0.3309899072784913,28,0.63,1,1
17,17,0.1776169044849189,0.3018410402,0.7244184964,144.0,0.3886597788328901,14,0.31,0,1
15,23,0.35396057137136266,1.6405272287000001,4.782553955,133.0,0.2184129028287548,21,0.22,0,1
33,11,0.05544115997852126,0.32751377379999996,1.5065633596999999,119.0,0.7249808026202801,11,0.75,0,1
17,24,0.10206763885588982,0.2792755325,0.7261163843999999,139.0,0.8111883287636363,18,0.83,1,1
8,103,0.1603908221613315,0.3242809806,0.7075221395,423.0,0.4654524326461667,8,0.76,1,1
4,44,0.14072339865170153,0.8901467174,3.1922502967,299.0,0.2471943994239426,26,0.48,0,1
19,5,0.033919626792534005,0.17305008030000002,0.46146688090000004,91.0,0.7745771835764642,8,0.5,1,1
18,9,0.06877602313598033,0.0,0.0,77.0,0.2877035451598605,6,0.22,0,1
16,40,0.11528152230075504,36.181351651,113.65363515,285.0,0.875266156802492,21,0.67,0,1
3,14,0.12138587452759167,1.0483998089,2.2509760602,74.0,0.1088007094325498,19,0.53,0,1
14,98,0.4801647227972227,0.38465506850000003,1.6517541176,276.0,0.9222521143758918,49,0.86,1,1
18,134,0.3113608505736725,0.0437798383,0.35023870630000004,316.0,0.7890149070179396,25,0.58,0,1
4,14,0.06541069194337107,0.1222064783,0.27496457620000003,115.0,0.09738696688808604,8,0.23,0,1
5,23,0.07658395634893052,0.0,0.0,153.0,0.18620504101180804,14,0.37,0,1
0,0,0.0,0.0,0.2507115429,95.0,0.07450535409264561,0,1.0,0,1
3,6,0.035052920184037134,0.34103844590000004,0.8370943673000001,74.0,0.07883871740596217,10,0.57,1,1
0,0,0.0,0.0,0.0,45.0,0.4602871973977296,0,1.0,0,1
11,31,0.1573799418702387,0.0,0.0,203.0,0.7719466925182176,10,0.89,0,1
2,19,0.07729638937319172,0.1450770034,0.6383388149,126.0,0.13455607659530658,22,0.38,0,1
18,71,0.262316458129998,0.3607007129,0.6230285042,404.0,0.5677877751298066,40,0.81,1,1
5,5,0.04971946564887191,0.0,0.0,69.0,0.2558012760942726,11,0.58,0,1
23,14,0.07339276590083625,0.0,0.0,116.0,0.6246190067426527,9,0.53,0,1
13,6,0.059409062450134976,0.0,0.0,73.0,0.2670307071630339,7,0.27,0,1
13,32,0.1512975539441664,0.0,0.0,131.0,0.3664185283986913,11,0.7,1,1
5,9,0.055539425594936284,0.1592520323,0.22750290329999998,82.0,0.1526572409772787,10,0.48,0,1
6,49,0.16329419704464385,0.0826273429,0.5164208934000001,192.0,0.3187214823412696,25,0.42,0,1
2,23,0.0389913476680486,0.1777446264,0.4443615661,66.0,0.0716322023527689,10,0.43,0,1
6,5,0.05581233314058357,0.1081301292,0.5190246204,117.0,0.13442477593496258,14,0.71,0,1
5,17,0.07578493937458343,0.0,0.0,135.0,0.1223000699228264,8,0.44,0,1
4,3,0.03902370798758216,0.0,0.0,45.0,0.07100240606535227,7,0.77,1,1
23,51,0.2345271558002757,0.7765885791,2.2853892469,227.0,0.6259864847786005,36,0.48,0,1
6,8,0.11089909588773234,0.0,0.0,62.0,0.1897654480078815,2,0.36,0,1
8,7,0.1168013340613719,0.0,0.0,71.0,0.14536091855133898,8,0.58,0,1
0,9,0.0005524663825891068,0.0660024401,0.2640097604,79.0,0.05713548208018381,3,1.0,1,1
1,12,0.0017485327381929535,0.24274477789999999,0.33101560620000003,63.0,0.04430274325649861,3,0.97,1,1
7,46,0.10869724364153692,0.1517436966,0.9538175213,147.0,0.34544434676310765,13,0.75,1,1
25,107,0.19366961463731872,0.9906903901999999,2.7416780567,250.0,0.7496281440565303,37,0.42,0,1
8,187,0.6916153270090701,0.1842591889,0.6218747626,94.0,0.8712703576264179,25,0.5,-1,1
9,36,0.1713809476522146,3.0378895174,8.5654779626,77.0,0.26025141098626514,25,0.48,0,1
4,141,0.13356574498884774,0.5518833341,1.1267618070999998,515.0,0.713736421213087,23,0.78,1,1
18,92,0.13598853416360565,0.4391749308,1.3868682027,441.0,0.5005087221158215,28,0.66,1,1
29,81,0.2638891324546362,0.2890574029,1.1339944269,173.0,0.8644750995826455,24,0.79,1,1
22,12,0.05703142303323181,0.3584779314,1.2322678891,75.0,0.5691644794342627,15,0.55,1,1
6,21,0.06837541404199232,0.09118333099999999,0.31914165850000004,59.0,0.12379887739267145,12,0.3,0,1
13,331,0.7994056290840029,1.0506192284,2.5389964686,302.0,0.6726489212006636,31,0.54,0,1
5,62,0.14867788383549693,0.2364497475,1.0317807162000001,178.0,0.19115784675220407,24,0.5,0,1
8,9,0.033188574108651184,0.2614166933,0.47926393770000003,77.0,0.17494730238400208,6,0.77,1,1
8,144,0.18334042255135446,0.1346893135,0.47141259729999996,422.0,0.35145642770105395,24,0.88,1,1
1,28,0.10056135374354876,0.1378295033,0.27565900649999997,84.0,0.6246430975069145,8,0.84,1,1
20,74,0.08294986326085765,1.0921391731999999,2.8177190669,245.0,0.4280923288350226,36,0.42,0,1
23,284,0.4873956642212395,0.4245157326,1.4221277043,460.0,0.6619322464461049,71,0.22,0,1
1,15,0.03383461529060857,0.22410326030000002,0.2913342384,80.0,0.032836641783942445,4,0.84,1,1
8,27,0.14593771103154715,0.44702653929999997,0.8493504246,67.0,0.1344491615046184,7,0.46,0,1
14,20,0.20659459581984888,0.2423683214,1.0300653661,116.0,0.3072201984654973,12,0.56,1,1
24,11,0.1990906612656484,0.3458715617,0.7493883838,156.0,0.9469274398207372,10,0.67,0,1
14,27,0.10906269484655426,0.1969802478,0.6753608495000001,203.0,0.6081391855261223,17,0.61,1,1
7,4,0.023199207270890386,35.125400821999996,151.46758208,80.0,0.141588642671182,8,0.39,0,1
10,57,0.21786772630395326,0.2016663518,0.7778559282999999,210.0,0.379642941522624,40,0.69,0,1
14,40,0.27577020969528365,0.36141560380000004,1.0008432104,231.0,0.5433002329864017,43,0.56,1,1
19,70,0.17710252518055328,0.6217749486999999,1.7522748555,344.0,0.7671672433626023,35,0.64,0,1
4,40,0.20050753611943287,0.9711912954999999,2.1137692903,171.0,0.3693971801734935,61,0.91,1,1
16,75,0.20585460238641576,0.6304726527000001,2.0715530019,468.0,0.7287418793491337,40,0.64,0,1
12,6,0.047199514632887365,11.053339522,30.673766046,113.0,0.6471960088055111,16,0.69,1,1
6,75,0.3392461726590701,0.4598058283,2.0844530882,176.0,0.8802615787145017,66,0.78,0,1
21,52,0.160468061955109,0.7865695718000001,2.2192498632,783.0,0.5915427246207976,44,0.34,0,1
10,161,0.4655163792365542,0.8141944121,3.0155348594999998,611.0,0.9457442432324644,75,0.91,1,1
24,39,0.14511631876202608,0.18047393539999998,1.0828436123,245.0,0.6399531402898855,21,0.56,1,1
8,127,0.4730908143426667,0.5872673722,3.1041275388,481.0,0.9326167141828772,67,0.64,0,1
6,52,0.17697394602273048,0.3293174082,0.8781797551,304.0,0.4271827093331434,20,0.76,0,1
4,12,0.06326041773149774,0.1398878553,0.4756187079,88.0,0.15089235691263925,11,0.74,0,1
12,156,0.4090769971496334,0.6068570687,2.2251425854,709.0,0.8719864177551411,27,0.81,0,1
23,12,0.07202118823393584,0.569324851,0.8824535190999999,67.0,0.6215741721394711,9,0.7,1,1
7,75,0.2941495199870055,1.1468858251,4.1861332615,536.0,0.5440490272422033,57,0.94,1,1
3,2,0.07232726864373641,0.2672422312,0.9205010186,57.0,0.11277102109138387,3,0.18,0,1
3,21,0.0709898474789706,0.6848721567,1.5484066152,187.0,0.13844412505595222,12,0.64,1,1
19,62,0.1875503032740473,0.9079170948,2.1734984998,537.0,0.7254425426076978,57,0.62,1,1
19,65,0.2667483232961418,0.6663517599000001,1.9990552797999999,286.0,0.9430037813926859,35,0.55,1,1
20,37,0.1279626201523432,0.8341642072,2.7805473574,252.0,0.875087766651352,23,0.65,0,1
14,78,0.4832334560271373,0.8699877288,3.1029562327999995,313.0,0.6805351775212615,59,0.5,1,1
19,50,0.2518442426923211,0.24983175219999998,1.2213996774,309.0,0.9030860681370786,42,0.74,1,1
16,73,0.23178800053405,0.40317915909999996,1.4783235832,440.0,0.6358759628873895,28,0.83,1,1
13,13,0.16213607057504645,0.2726343953,0.8481958964,81.0,0.3436886708697324,20,0.52,1,1
12,58,0.19418314582475196,0.8454153412000001,3.6271045285000003,541.0,0.5851787375298683,71,0.47,0,1
4,19,0.08931224246378744,0.251810264,0.94428849,110.0,0.33699774464841153,23,0.67,1,1
14,5,0.05158025989400476,0.1371447167,0.6857235832999999,82.0,0.35137498231151804,5,0.58,1,1
6,12,0.07646305101715041,0.161842676,0.7822396005,140.0,0.12008656135737812,10,0.85,1,1
19,5,0.05582430798523679,0.10681086699999999,0.6408652022,66.0,0.4682723490580072,9,0.45,0,1
9,60,0.3337532559222618,0.188160895,0.2956814064,227.0,0.9505143392844876,35,0.81,1,1
10,99,0.4310880026588354,0.7503902029,3.1891583623,487.0,0.7979517000677585,84,0.61,0,1
2,29,0.12298359356420435,0.2569001782,0.8349255792,208.0,0.0908348581125152,7,0.52,0,1
6,49,0.2058992320058542,2.5256141473,8.0188249176,301.0,0.24949321520040355,26,0.51,0,1
23,57,0.2581666618987083,0.22437880170000002,0.8975152067000001,334.0,0.6667257437259415,32,0.51,0,1
14,21,0.12432074564365367,6.9934108905,19.44442479,179.0,0.4058542640040246,22,0.31,0,1
23,33,0.12377964422517312,0.8871891997,2.4326155477,239.0,0.6379678383478424,19,0.63,1,1
24,86,0.2457057028032213,0.5346390089,1.9009386984,661.0,0.7548657596551201,46,0.65,0,1
11,39,0.0992493502993629,0.5088956659,0.9895193503,447.0,0.5214198109834981,25,0.78,1,1
8,16,0.15134212782009993,0.3758008424,0.9828637418,94.0,0.2804910989651677,13,0.62,0,1
6,18,0.19939121276386806,0.609351659,2.3543132279,125.0,0.3201270150400197,43,0.53,0,1
1,2,0.0010057342337894118,0.08689625349999999,0.1158616714,47.0,0.03389498787888493,0,0.29,0,1
7,107,0.17162383967952746,0.2691569949,1.4654103056,446.0,0.33694144293954964,41,0.73,1,1
9,101,0.3805130166577145,0.7543235468,1.4772169459,528.0,0.8290010750986183,83,0.66,0,1
12,49,0.17547892541697088,0.5528886117,2.1242562447999997,320.0,0.7947700586121189,39,0.89,1,1
19,42,0.280029914778448,0.8257287386,2.5872833811000002,293.0,0.6967582621058565,52,0.45,0,1
3,20,0.14015506385345228,0.41422346159999995,1.2702852823000002,159.0,0.24502810854215146,18,0.64,1,1
5,100,0.469147615735406,0.5831689769,2.6936852741000004,368.0,0.5734541096969401,73,0.66,0,1
15,12,0.4286787062317135,0.1329926169,0.4521748974,58.0,0.8151420106924732,4,0.87,1,1
6,4,0.09038829079619874,0.1921157982,0.5489022805,72.0,0.13078371354094054,4,0.74,0,1
17,10,0.17943497403250014,0.8506395025,2.7165584114,86.0,0.433718309463825,9,0.38,0,1
10,39,0.2664519820243169,0.31103724050000003,0.653178205,143.0,0.947062873951192,37,0.66,0,1
7,82,0.3849702959171728,0.7974932456,2.6685350911000003,317.0,0.4931308838069857,68,0.73,0,1
7,106,0.3670025987164835,0.7252107334000001,2.8706258197000003,424.0,0.6618547628781511,51,0.62,0,1
12,41,0.2345301384831619,0.3194937685,1.2140763204,361.0,0.4120594365177328,34,0.48,0,1
2,19,0.015656647567060908,0.2897046444,0.6663206821000001,79.0,0.05361331575848252,4,0.42,0,1
6,43,0.18338588346015666,0.029894906000000002,0.4185286833,148.0,0.2284104986708113,16,0.54,0,1
7,18,0.18711066752254288,0.08924196449999999,0.3867151794,140.0,0.5425145792642586,14,0.8,1,1
4,8,0.1202518117553512,0.1235918867,0.4325716036,65.0,0.2089338112339288,10,0.51,0,1
15,54,0.17807430956174122,0.299258548,0.9576273537000001,371.0,0.5645840427219091,36,0.55,0,1
15,187,0.6329033223615921,0.861178413,3.6743612288,585.0,0.9346292958865146,89,0.8,1,1
5,2,0.015826502896615215,0.32903364960000003,0.7677451823,65.0,0.11536222588164564,4,0.96,1,1
4,37,0.1255928522399942,0.1082238111,0.45995119700000003,144.0,0.1535091442180508,19,0.74,0,1
25,25,0.6028875729882106,9.2214923167,22.895730145,95.0,0.5305324978454756,15,0.27,0,1
9,70,0.3901820762572595,0.9611916062,2.8270341358999995,336.0,0.5675753210511487,65,0.53,0,1
25,3,0.05921737270664256,0.0843305278,0.3935424629,65.0,0.5217201974925584,7,0.41,0,1
19,3,0.025363201229192243,0.0875547874,0.5253287244,59.0,0.9469599369780526,5,0.78,1,1
16,25,0.12233413595105352,0.4702030528,1.3552911521000002,297.0,0.4905054873634489,26,0.3,0,1
18,16,0.13386474773345114,0.2655749686,0.7672165759999999,128.0,0.40129440108499614,10,0.56,1,1
21,96,0.3938510443447296,0.18780565370000002,1.0016301531,465.0,0.833217422729975,56,0.77,1,1
6,25,0.15226257596584172,0.3182953831,0.9548861492,149.0,0.3167591968984953,31,0.68,0,1
0,0,0.0,0.1754165925,0.5554858762,43.0,0.4602871973977296,0,0.74,1,1
7,11,0.0931936612204129,0.1546258822,0.46387764659999997,123.0,0.2030726994089982,16,0.9,1,1
13,44,0.2321402553540957,0.7720726420999999,1.9805341688999998,353.0,0.5960815305212146,40,0.41,0,1
24,20,0.08524392854518226,0.46325127969999996,0.8956191406999999,189.0,0.8076458957141619,23,0.64,0,1
11,20,0.2165853346247429,0.417512582,0.9185276803,121.0,0.3732060020141254,29,0.74,1,1
15,56,0.12406095655570605,0.5011624611,1.7098483966,303.0,0.420273385361864,25,0.72,1,1
5,51,0.3716847554051491,0.7275341104,1.7908531949000002,194.0,0.4190842509278944,59,0.45,0,1
20,53,0.2917678349756884,0.4833583058,1.5104947057,329.0,0.636090690190344,17,0.5,1,1
10,35,0.2189371735926748,0.2718327946,0.6342765206000001,172.0,0.9154683453609884,27,0.89,1,1
9,3,0.03293533456943795,0.26800140899999997,0.5955586866,66.0,0.2037834431559344,9,0.59,0,1
23,314,0.40836383352882616,0.0,0.0,697.0,0.9364938996060213,35,0.91,1,1
20,75,0.1716887883384145,0.1200418687,0.4081423535,172.0,0.8657013343846527,16,0.74,0,1
10,76,0.2302407640604528,0.47163499259999997,1.029021802,111.0,0.26624040222737944,14,0.26,0,1
5,67,0.402790115635516,0.4761979593,1.4005822332,343.0,0.9303988481799766,70,0.93,1,1
11,12,0.011649581666307076,0.3579862984,0.8261222272,116.0,0.2903608173367164,10,0.33,0,1
19,16,0.10114193436721083,0.29818277120000003,0.7861182149,96.0,0.6027062778669192,16,0.75,0,1
14,39,0.5702153795292039,0.6472916151,1.6041574809,138.0,0.5338496632474525,49,0.29,0,1
12,87,0.2986423729261082,0.4815936641,1.337760178,402.0,0.5937646417632071,38,0.39,0,1
15,73,0.2662668996629389,0.3910674387,1.5084029778,358.0,0.85790836502525,36,0.61,0,1
16,77,0.2042835528099685,0.4586018715,1.4369525306,411.0,0.5833986102469788,58,0.48,0,1
7,40,0.16060451021397024,2.1434107934999997,7.1000482535,259.0,0.22368126203328909,22,0.41,0,1
8,98,0.3037707581379667,0.5080783756,2.004086926,342.0,0.9211981034340124,35,0.76,1,1
9,43,0.2584778922888335,0.35059394520000003,1.429344546,200.0,0.947110704424866,26,0.86,1,1
20,25,0.2888810826475292,0.2413329495,1.0558316539000001,117.0,0.588639615487689,32,0.4,0,1
6,71,0.5076288172270631,0.4830711275,2.1596120996,252.0,0.5614872680784331,72,0.41,-1,1
22,40,0.2906132105313468,0.3499769874,1.3044596804000002,187.0,0.8268550583789404,40,0.67,0,1
14,86,0.3517211790293191,0.2173988129,0.7608958451000001,360.0,0.9223741039325584,31,0.79,0,1
11,103,0.510537500257491,1.2523675366,4.238782431600001,320.0,0.5841580096473323,78,0.42,0,1
12,53,0.4575073636920625,0.9041016219,1.9411593646,298.0,0.9415398987255852,27,0.85,1,1
22,64,0.4989164032102007,0.4043676559,1.9929548756,323.0,0.7037390597935004,47,0.38,0,1
33,18,0.2785947037280539,0.21834316190000003,0.9006655427,92.0,0.2974357131294168,12,0.19,0,1
14,13,0.1089791057402111,0.4450465925,1.5298476616999999,107.0,0.3439641277685633,18,0.47,0,1
3,5,0.03832557759872768,0.1096150304,0.602882667,69.0,0.08165601374184019,10,0.42,0,1
3,8,0.09215268882611258,0.0,0.0,73.0,0.12161285710742405,21,0.45,0,1
9,63,0.2617148791808121,0.108391925,0.5690576065,280.0,0.33671933312261176,30,0.55,1,1
0,19,5.000461587640317e-05,0.649830849,2.0534654829,63.0,0.016799571650968896,0,0.66,0,1
12,46,0.2907089783428882,0.135936015,0.8156160901999999,240.0,0.3947869581296284,19,0.7,0,1
18,55,0.7409416560059658,0.24213841149999998,0.91474511,191.0,0.7575633872715686,31,0.46,0,1
17,79,0.36537590687702587,0.2968836982,1.1875347927,297.0,0.6083950947056067,26,0.54,0,1
6,9,0.0690795735859791,0.3206205909,0.7869778140000001,98.0,0.22389152174021976,9,0.77,1,1
6,91,0.20589870421610626,0.17028763940000002,0.5108629181000001,271.0,0.2155503347732426,22,0.51,1,1
23,4,0.09547299971655084,0.19270264269999998,1.0736290095,73.0,0.8778590562144912,6,0.65,1,1
12,22,0.2495843330099481,0.2705017393,0.7033045223000001,94.0,0.388181767399172,16,0.26,0,1
7,5,0.06397273949882562,0.2378214352,0.5813412859,61.0,0.1859917080933195,6,0.19,0,1
13,43,0.4248752383968867,0.4080555053,1.3601850178000001,211.0,0.9228288773493364,33,0.79,1,1
15,57,0.2632164194163909,1.0102232701,3.5989203996,308.0,0.8751843531012502,65,0.75,0,1
18,47,0.2541752208854721,0.12616033599999998,0.7254219322,207.0,0.938336853412478,24,0.78,1,1
8,31,0.238474984167548,0.3434986315,1.0591207803,152.0,0.4324203316136813,50,0.59,1,1
4,9,0.02964819467997329,0.2964170061,0.3853421079,63.0,0.15785942003623282,11,0.69,1,1
3,2,0.04328780156690189,0.2936297639,0.9396152445999999,56.0,0.15967483645789246,9,0.77,1,1
5,7,0.10318906049842028,0.1148754091,0.4882204889,57.0,0.11361102840343258,4,0.42,0,1
8,5,0.09791137679420273,0.0966432357,0.5798594144,44.0,0.15873437087524533,6,0.64,0,1
16,84,0.4027382141346886,1.5673677581999998,4.1697896962,292.0,0.7882703190226096,72,0.54,0,1
17,27,0.1321843169996728,0.19725694489999998,0.6246469923,217.0,0.5284456649833611,14,0.57,0,1
16,34,0.1383628274438837,0.3329242602,1.1803678317,196.0,0.8374371535376136,28,0.46,0,1
8,28,0.1549167365995421,0.2952577327,0.7381443317,188.0,0.2700555137893468,23,0.31,0,1
23,19,0.096842024637975,0.241798563,0.5742715871,119.0,0.6053303622781308,18,0.52,1,1
28,13,0.4899285623610493,0.0280932478,0.2809324778,46.0,0.4166594582343852,8,0.18,1,1
4,4,0.027818021176681976,0.20995467710000001,0.7198446071,67.0,0.07133652626741077,4,0.72,0,1
18,96,0.1928398644605112,0.3761125917,1.128337775,518.0,0.5235864296169969,33,0.81,1,1
19,27,0.13022669642347326,0.7986004025,3.0465126466,221.0,0.6429285948924921,30,0.53,0,1
13,153,0.5322569748880911,1.0057190672,4.662879311499999,546.0,0.9411576747427228,79,0.68,0,1
16,6,0.05497175229234299,0.058635824100000004,0.3224970324,105.0,0.1233630743667647,3,0.09,0,1
11,40,0.13022072381563884,0.2965291461,0.8895874383,292.0,0.44133429085579706,21,0.45,0,1
25,31,0.3075278841274582,0.48290757689999997,1.7807216897,213.0,0.7546295256895434,41,0.44,0,1
17,179,0.4514179516920682,1.329468549,4.6820414117,674.0,0.7640844581186509,63,0.73,1,1
4,7,0.0412540160334153,2.7337488425,6.8484635951,62.0,0.07248980550868951,7,0.74,0,1
3,19,0.031066166486862307,0.3089181728,1.4322569828,27.0,7.7811550761727775,0,0.23,0,1
3,12,0.04710433298961236,0.0,0.0,119.0,0.08738871636549356,9,0.4,0,1
26,11,0.30530669704787,0.3395583817,0.8488959542,52.0,0.6626098631505563,8,0.76,1,1
4,17,0.047206277539121405,0.08165074509999999,0.2993860653,80.0,0.10002038360517927,10,0.57,0,1
2,16,0.042237584847029684,0.37721256729999997,0.8891439084999999,82.0,0.0982799550130483,8,0.42,0,1
11,16,0.2296673615128928,0.0869427394,0.3187900446,59.0,0.3330829877849463,20,0.33,0,1
1,0,0.0,0.0580172669,0.20306043399999998,45.0,0.004718725223158709,2,0.19,1,1
19,141,0.5701593485009633,0.111743872,0.5363705854,68.0,0.9019590851020868,13,0.38,0,1
6,54,0.13651751370260984,0.20627997850000002,0.6646799307,113.0,0.20118274310866108,17,0.6,0,1
8,15,0.0668845752910961,0.06546260849999999,0.4800591293,88.0,0.22997886803024475,15,0.37,0,1
7,32,0.14659951933359006,0.3157871041,1.3533733033000002,49.0,0.11867070747862025,13,0.29,0,1
9,62,0.2847565338136365,0.2172093585,1.0426049206,271.0,0.3768190953617788,43,0.78,1,1
23,37,0.5324704208060799,0.421183698,1.2916300073,170.0,0.8564045543668085,40,0.46,0,1
11,2,0.015882632651607498,0.14017562320000002,0.5046322436,55.0,0.8924749845757879,4,0.64,0,1
12,110,0.2549962727949341,0.6162534552000001,1.9608064483,631.0,0.5241879766146444,33,0.61,0,1
6,15,0.08842459740786636,0.31000635120000003,0.6200127024000001,153.0,0.2386196539557011,20,0.91,1,1
21,7,0.12544311620833648,0.4867285724,1.6033411798,85.0,0.6029667734729698,22,0.74,1,1
4,7,0.04453300808902355,0.21028248300000002,0.8411299319,94.0,0.07880203083490163,5,0.94,1,1
12,47,0.1765230130601443,0.1102988976,0.6342186611999999,352.0,0.3801922521580705,21,0.59,1,1
11,60,0.304075349568322,0.1357814917,0.9776267405,721.0,0.946192447396847,26,0.72,0,1
27,11,0.1040703385140735,0.2169607257,0.8407228123,96.0,0.6864651782122541,16,0.26,0,1
14,101,0.4484377178682273,0.8057225639,3.8426768433999996,336.0,0.7847827646763824,73,0.4,0,1
13,33,0.3902612368348842,1.4819659416,3.2899643904,199.0,0.4251788570332595,20,0.52,0,1
9,10,0.0846173058268704,0.2756556504,0.7442702561,194.0,0.22148917599188675,14,0.78,1,1
7,58,0.08798124620714863,0.30792616100000003,0.8006080187000001,373.0,0.2492980167528643,21,0.59,0,1
21,69,0.1907214510246442,0.6229356761,1.5007086743,275.0,0.6722190364920886,26,0.67,0,1
2,2,0.032679049493980115,0.27583853329999997,0.8550994531999999,61.0,0.07711354642591578,5,0.75,0,1
14,82,0.3192251411960909,0.4554851618,1.7915749699,401.0,0.6513576037095401,57,0.54,0,1
20,48,0.3889136919170539,1.1390208179999999,3.8367017026,288.0,0.7091048328415654,39,0.64,1,1
7,24,0.11969088626466755,0.33171130530000004,1.7791788191,192.0,0.4847612992063218,30,0.9,1,1
10,47,0.17819970473090313,0.2501037027,0.9726255106,210.0,0.2893960251324981,24,0.66,1,1
3,11,0.03758415556182235,0.1170223351,0.5266005079,82.0,0.1043917294723126,13,0.75,1,1
9,32,0.2008225531306949,0.3877778622,1.2187304240999999,230.0,0.8544314601599838,20,0.91,1,1
4,4,0.030540133360088317,0.220023043,0.7425777701999999,137.0,0.08048955009885972,4,0.83,1,1
4,3,0.0304918738760327,0.3612193264,0.6112942446999999,85.0,0.07409682267210138,4,0.79,1,1
19,15,0.12354894056229655,0.1398584811,0.8950942792000001,129.0,0.4970109847672718,18,0.52,1,1
20,3,0.051128695898506805,0.1096224294,0.5207065396,93.0,0.4882279634484208,4,0.55,0,1
13,82,0.3360145400752257,1.0742926534000001,3.5258835802,400.0,0.7850192824580716,77,0.51,0,1
2,6,0.05586001522203695,0.2822916527,1.3267707675,105.0,0.04774145182579749,13,0.24,0,1
13,37,0.5470727896615251,0.3159836406,1.2955329266,114.0,0.8761582894505101,32,0.51,1,1
7,24,0.11610430988517062,0.5298624063,1.0285564356999999,227.0,0.1644088828185324,18,0.46,0,1
9,16,0.2265304051270515,0.1810225002,0.3318745836,163.0,0.2277089455099442,20,0.53,0,1
3,18,0.0908116228786515,0.1810402737,0.4224273053,88.0,0.1539730150380194,28,0.66,1,1
24,23,0.2032734948432998,0.3088079516,0.6690838952,127.0,0.6451108756489033,18,0.64,1,1
9,28,0.2381813274076401,0.3108107356,0.7770268389,177.0,0.3928477056323331,27,0.73,1,1
16,47,0.39873239852516656,0.29107076649999997,0.6615244694,201.0,0.4762482895221754,33,0.34,0,1
25,36,0.3172713977148099,0.1784950476,0.8329768886,128.0,0.6848162343401809,29,0.25,0,1
11,4,0.023207252429538645,0.7629049424,1.7801115322999999,55.0,0.2979138169600035,6,0.63,1,1
5,4,0.023650039573619826,0.1919198297,0.4386738965,51.0,0.1143408754517489,6,0.67,1,1
13,219,0.7065774524473072,0.5288141005,1.9908295547,574.0,0.948535234748736,78,0.74,0,1
0,0,0.0,0.12274881359999999,0.5523696612,53.0,0.03051097847795722,1,0.81,1,1
3,6,0.05213236457865368,0.3747407029,1.0617653248,119.0,0.0827195396684799,5,0.89,1,1
5,10,0.08769062702544751,0.254107643,0.3388101907,76.0,0.17476680276905585,17,0.59,1,1
27,18,0.3050500786035504,0.3040504383,0.6689109643,146.0,0.7552493331569754,13,0.82,1,1
22,16,0.1788505994753801,0.544566852,1.3614171299000002,176.0,0.6073506670920286,21,0.81,1,1
29,3,0.025396604042375964,0.2589066327,0.48904586170000003,103.0,0.4340709257566734,6,0.31,1,1
17,48,0.2139085863402924,0.365838723,1.5196377724,306.0,0.7919809505950072,33,0.56,0,1
9,9,0.12227377497834625,0.27719485239999997,0.9701819834000001,87.0,0.2248008942195349,10,0.69,1,1
19,79,0.4163826840879288,0.0,0.0,78.0,0.12859463360503687,55,0.13,0,1
6,219,0.6360367944348387,0.0,0.0,261.0,0.4742922091410331,69,0.55,0,1
24,95,0.5729519906141947,0.11008124,0.35225996789999997,85.0,0.4129490129194497,27,0.3,0,1
17,161,0.2867732836889817,0.0,0.0,297.0,0.6923563718574183,42,0.72,1,1
21,77,0.15171138207901375,0.0,0.0,174.0,0.6607396070205589,20,0.57,0,1
30,130,0.4542055774049111,0.42357344979999995,0.6242135049,194.0,0.8046142235443949,51,0.25,0,1
7,31,0.10133818247733813,0.2782423652,0.8347270956999999,106.0,0.2557841724029289,7,0.63,1,1
8,34,0.10885546536933413,0.2633728555,0.7023276146999999,97.0,0.2042427386887543,12,0.72,0,1
25,43,0.33143449422936444,0.2145345322,0.45588588090000004,202.0,0.8108225982849294,32,0.46,0,1
12,59,0.5151455690027583,0.5051762217,1.4091757763,295.0,0.9298283698450008,68,0.56,1,1
16,46,0.13272882195292202,1.4755437187,3.6593484223000003,353.0,0.528525691225422,41,0.45,0,1
25,24,0.13751580759099227,0.48025846549999995,1.2906946259999998,136.0,0.7460521476073073,17,0.42,0,1
3,29,0.229887948618166,0.44818957880000004,1.4286042825,145.0,0.28532998343300725,42,0.51,0,1
9,8,0.21159912009939816,0.6737739759,1.4823027471,50.0,0.2342406327080385,9,0.55,0,1
8,97,0.7147557488679734,0.2291721674,0.9739817114,313.0,0.6707454361832114,37,0.61,0,1
4,36,0.22433614467969207,0.2052947511,1.8183249380000002,214.0,0.373904553966484,71,0.55,0,1
21,8,0.07274560288064301,0.4093634186,1.5828718852,91.0,0.5392676306069749,10,0.48,0,1
10,50,0.2495281102267243,0.16645923070000002,0.8600393587,181.0,0.3041482951956596,27,0.25,1,1
8,103,0.3198489571620573,0.2597929381,0.8082446963,475.0,0.3940252427222993,37,0.62,0,1
34,39,0.4970910479928287,0.3719969039,0.9299922597,292.0,0.8664125778875332,23,0.48,0,1
3,22,0.13531813890596622,0.3909064691,0.7818129382,125.0,0.1966965720566699,14,0.59,0,1
5,10,0.07760414308354252,0.1118669432,0.7830686025,106.0,0.17941647664313273,8,0.68,0,1
12,42,0.29051736880121376,0.36329101869999997,0.5030183336,171.0,0.3519993020840473,26,0.43,0,1
19,37,0.4038375170079314,0.2061302427,0.9128625036,126.0,0.7096146839690654,62,0.54,0,1
16,7,0.11602431280146615,0.1766835543,0.7361814762000001,49.0,0.4886403183632027,7,0.38,0,1
17,10,0.0230667953183442,0.2957526372,1.4787631861000001,249.0,0.8147236635478317,41,0.91,0,1
4,5,0.06333659234748802,0.2835214052,0.5670428103,53.0,0.09363184606738142,8,0.6,1,1
3,4,0.05119597203302002,0.1061237827,0.6632736417,36.0,0.0812345183180953,5,0.29,1,1
15,134,0.4222803759867755,1.0223483465,3.5244114051,577.0,0.7378874217644911,62,0.49,1,1
5,5,0.06049352037939833,0.16086261400000001,0.5093982776,68.0,0.10088674529211454,8,0.4,0,1
12,64,0.3775506144663904,0.2520149929,1.2880766303,364.0,0.9874161520171316,37,0.54,0,1
2,19,0.015826568287963368,0.1389291359,0.305644099,69.0,0.0493478542762721,3,0.81,1,1
21,24,0.2290100765664838,0.2533657672,1.0134630686,129.0,0.7770478996506148,16,0.66,0,1
14,14,0.0615090927377002,0.17913403739999997,0.7463918225,96.0,0.8627142453947496,5,0.54,0,1
10,52,0.4339001491796163,0.6493420406,1.9750820403,210.0,0.5372248010293258,56,0.54,0,1
20,9,0.19081391546919813,1.5117672381,6.153157881499999,62.0,0.3455954824961279,22,0.41,0,1
16,61,0.3907899246913951,0.46352556,2.6884482478,276.0,0.6709207027811824,74,0.27,0,1
19,17,0.1096789789743834,0.4534681282,0.8002378734000001,128.0,0.7365714419902372,11,0.46,0,1
11,10,0.2449566931447245,0.1091898758,0.2729746895,74.0,0.2400602052261845,14,0.39,0,1
19,40,0.20451194211305032,0.3746455349,1.1239366047,191.0,0.8098267490707379,39,0.45,0,1
15,9,0.033756693684035416,0.3261860887,0.5436434812,364.0,0.3575129763613347,17,0.79,0,1
7,15,0.1647185537122536,0.23748275170000002,0.6827629111,66.0,0.19756744570756785,18,0.55,0,1
2,37,0.07988510479492944,0.1640929239,0.8751622606,303.0,0.21132441777792746,19,0.42,0,1
9,17,0.18807813213301994,0.3403272414,0.9162656498999999,87.0,0.9474605090005686,26,0.76,0,1
8,36,0.1973610422230012,0.35453236909999997,0.9817819451,286.0,0.32989467195931976,29,0.34,0,1
7,30,0.16570732055017975,0.4997463787,2.3811445103,180.0,0.2228970140048744,16,0.52,0,1
10,27,0.26551656270067303,0.26511306170000004,1.2195200839,94.0,0.5836643853703221,18,0.5,0,1
9,2,0.01584743271369491,0.21175608370000001,0.5293902092,77.0,0.18677491980294791,4,0.41,1,1
19,3,0.0263887795167301,0.2051085147,0.7032291933,55.0,0.4437522364663915,8,0.42,0,1
7,18,0.14110827329990305,0.16251573490000001,0.8125786745,154.0,0.287488144849858,26,0.63,1,1
26,3,0.045998021287346896,0.3944236625,1.0315695789,105.0,0.8062857021485451,12,0.63,0,1
11,3,0.08521818168692677,0.026593480699999998,0.42549569119999997,55.0,0.25097850351011786,4,0.41,0,1
4,2,0.015694825315154946,0.054345036500000006,0.3532427371,52.0,0.11488001609205956,5,0.31,1,1
4,20,0.15568159578127233,0.3552093958,1.4754851826,131.0,0.26431699860695906,27,0.39,0,1
4,31,0.1610604802401848,2.7581348458,5.9472282612,207.0,0.21303901580099213,22,0.65,0,1
22,28,0.48632569758368,0.2755586546,0.8266759638,160.0,0.681463321866709,27,0.57,0,1
3,2,0.0265932616414637,0.2986609477,0.6271879900999999,82.0,0.11011531769798392,4,0.74,1,1
6,50,0.1965319122216625,0.4470992602,1.1028448418999999,427.0,0.506364123867252,28,0.71,0,1
20,28,0.3248389891013268,0.4426416756,1.6599062834,224.0,0.7003340522776705,32,0.35,0,1
4,3,0.029320278973727267,0.2826231635,1.045705705,71.0,0.07900042797560734,4,0.81,1,1
24,6,0.11599477103319553,0.053911283899999995,0.7278023320999999,53.0,0.3816374335296207,10,0.24,0,1
3,2,0.015903544743594813,0.10750723849999999,0.6450434312,59.0,0.060252168837111014,4,0.54,1,1
19,4,0.05713952142636562,0.3995363552,1.2271473766,96.0,0.7680389898140296,8,0.41,0,1
22,34,0.12281529510356633,0.7990380495,3.1676151248,199.0,0.6138428761335303,21,0.49,0,1
6,12,0.07817485391405872,0.1082525961,0.4330103843,102.0,0.16222600092402645,11,0.67,1,1
29,17,0.12098792683724288,0.18462673489999998,0.9539047970000001,195.0,0.8101528353001282,22,0.48,0,1
6,40,0.19446603035994006,0.1765098513,0.911967565,150.0,0.2782030082523451,17,0.7,1,1
10,25,0.2076563697201311,0.2106295021,0.5115287908,105.0,0.2644897891596428,17,0.87,1,1
3,2,0.015837024534512918,0.10682757179999999,0.3471896083,54.0,0.06062764964662237,4,0.53,0,1
0,19,8.101111337263098e-06,0.7124334265000001,2.7127272779,61.0,0.4602871973977296,0,1.0,0,1
3,3,0.030185687949541868,0.172825082,0.4608668854,94.0,0.09818104554930986,9,0.71,1,1
21,147,0.276500644847468,0.4718522303,1.4450474552,595.0,0.8268848617952029,39,0.63,0,1
12,43,0.2343974884487692,0.272449828,0.9687104995,288.0,0.3068653727207632,15,0.34,1,1
4,12,0.08767154455204097,2.6842476488,7.751449843,74.0,0.08382361325376941,7,0.74,0,1
8,85,0.18649354687495054,0.2695805246,0.9285551403,523.0,0.2999226468010271,27,0.65,0,1
2,10,0.04102380400988874,0.1312150294,0.7610471704999999,82.0,0.07963923963289896,7,0.71,1,1
5,12,0.05631167960762636,1.0689954614,2.316156833,121.0,0.09243198869444934,10,0.78,1,1
2,2,0.015828386649565478,0.17056984,0.39799629329999997,81.0,0.04927991700780651,3,0.67,1,1
6,15,0.10401562314117042,2.2294783539,6.2251668323,92.0,0.17672888871142722,12,0.5,0,1
23,19,0.02094312791987161,0.3239135828,0.7361672336,1678.0,0.8090972791661909,4,0.53,1,1
9,27,0.2505570825586093,0.2843345644,0.7108364111,141.0,0.8945625158605656,33,0.83,0,1
10,23,0.10396907381819144,0.23610551510000002,0.8558824922,147.0,0.9105745350735116,21,0.89,1,1
18,45,0.3162700666099289,0.5878101691,1.7046494903,278.0,0.6054049007174891,44,0.6,0,1
18,65,0.2166129476981477,0.5148012475,1.4838388899000001,348.0,0.7411438506541258,49,0.75,1,1
17,12,0.09193946047452377,0.291787145,0.4538911145,154.0,0.8903642053300553,6,0.78,1,1
2,6,0.053083325931579765,0.12446041349999999,0.964568205,56.0,0.0207317856801336,4,0.55,1,1
6,3,0.04067434872286933,0.0826124593,0.633362188,47.0,0.10814992696480973,5,0.33,0,1
12,24,0.10344431852479084,1.9780427941,4.1887965052,129.0,0.33187465705427555,18,0.56,0,1
13,48,0.4369923176966031,0.5880194399,2.3800786854,234.0,0.7359558360941256,63,0.6,0,1
21,7,0.1414480536602825,0.42122543380000005,1.2373497117,84.0,0.44699234087972617,7,0.32,0,1
1,5,0.01850713737558597,10.735450076000001,30.544597513000003,48.0,0.07098594438430451,6,0.77,1,1
20,23,0.16785304910705204,0.2616675534,0.9681699476000001,163.0,0.4955302121431114,30,0.31,0,1
5,14,0.09194690874693892,0.1602136994,0.6141525145000001,134.0,0.3237684753412789,12,0.72,0,1
5,79,0.2041910445831324,0.5612111535000001,1.7638064825,384.0,0.314990510949064,25,0.51,1,1
18,17,0.21925015542389145,0.5422604441,0.9760687994,149.0,0.5294082533763864,30,0.58,1,1
27,24,0.19439218506467784,0.4985065022,1.0247078101,150.0,0.6976820394702526,26,0.83,1,1
4,5,0.0824930522886419,0.1310082719,0.3144198525,63.0,0.17705136681638628,10,0.41,0,1
23,14,0.027624865575928977,0.36791443450000005,0.8146676762999999,141.0,0.9474557281835838,4,0.76,1,1
6,7,0.05658344590030895,2.6499406652,6.969343949400001,88.0,0.167331400198758,8,0.77,1,1
18,46,0.4102800199589797,0.7289461127,1.9708543046,190.0,0.7665082554949499,62,0.72,0,1
4,61,0.11497146297168835,0.21898166460000001,0.7664358262000001,326.0,0.2871536416781165,27,0.52,0,1
4,16,0.07496282922618616,0.249117653,0.636634002,177.0,0.1760486765351421,10,0.89,0,1
22,151,0.4634757762322861,0.49192539979999994,1.7490680883,625.0,0.7745687585580473,53,0.7,0,1
24,62,0.19482516445812045,1.1704985477,2.8581941282,524.0,0.7117192097280575,54,0.68,0,1
24,41,0.15977131798293698,0.4720512461,1.6049742369,226.0,0.6877107729566112,27,0.7,1,1
22,21,0.16445196188566208,0.160120214,1.0407813909,186.0,0.5346630780627797,21,0.48,1,1
3,4,0.025449982641134832,0.1349507159,0.620773293,78.0,0.08920290724365858,3,0.66,0,1
23,41,0.1880351046883519,0.1320399789,0.5545679111999999,150.0,0.6141190342248193,17,0.32,0,1
18,71,0.1653178557198232,0.6034403235,2.1513959359,555.0,0.8848963607056816,26,0.6,1,1
15,22,0.1720674845338923,0.0522223113,0.3394450236,223.0,0.4595442822775954,26,0.38,0,1
12,3,0.040646490846315976,0.1396950574,0.6425972642,59.0,0.8599502520468041,2,0.64,0,1
11,67,0.332466759729872,0.526087721,0.9137313048000001,371.0,0.9475397948173544,35,0.51,0,1
7,26,0.4669631024932085,0.6806413862,1.1780331684,143.0,0.17597028061982992,42,0.19,0,1
18,33,0.26656982620917025,0.5395521547,1.3630791275999998,187.0,0.6003635943380475,39,0.52,1,1
21,60,0.29436917596391105,0.6224780833,0.9828601315000001,423.0,0.6798940286258565,32,0.44,1,1
16,51,0.4330544368407821,1.2239291436,3.5260815804,218.0,1.0,30,0.78,1,1
25,37,0.19996405396189207,0.5474250136,2.8523724392000003,363.0,0.7036970732425951,40,0.5,0,1
9,109,0.3103197907354349,0.3285756024,0.8542965663,463.0,0.9462645653013736,39,0.78,1,1
5,9,0.04184152026517481,0.146361737,0.43908521100000003,91.0,0.11852231027557368,8,0.85,1,1
3,9,0.06288568745815974,0.5097844054,0.6513911846,139.0,0.1215876858628238,4,0.93,1,1
4,14,0.04796343524307541,0.238444865,0.5365009462,111.0,0.09081672920121976,10,0.82,1,1
21,62,0.19740441542016354,0.5302715376,1.2962193142,446.0,0.7599109695767816,33,0.7,0,1
12,58,0.18764800483934327,0.8961490152,2.5764284188,432.0,0.6836625325701037,64,0.7,1,1
26,10,0.20868245521315976,0.5654945562,2.1273366639,89.0,0.21939742850087424,20,0.22,0,1
4,15,0.07061480834993328,0.1097239384,0.5211887075,105.0,0.12675488022327058,10,0.56,1,1
21,16,0.20249086343163505,0.14149145119999998,0.6791589658,124.0,0.5933148503184761,13,0.46,0,1
15,59,0.24734308839787186,0.8101792116,1.6203584233000001,475.0,0.4879867375564149,49,0.37,0,1
7,33,0.17104194140779955,0.20172205510000002,0.9797928389,179.0,0.3381456778414153,28,0.89,1,1
19,30,0.2525186128663533,0.6084574237,1.6012037465,142.0,0.6149847047028191,26,0.31,0,1
19,42,0.2201738938972201,1.0102944266,2.3047341608000003,275.0,0.40118675207856985,29,0.25,0,1
2,2,0.04821713147274925,0.0,0.0,43.0,0.005191965107199475,0,0.22,0,1
7,8,0.09338900247727433,0.2064852352,0.4424683611,92.0,0.16051115480017886,11,0.66,0,1
4,6,0.09360219442321774,4.350335148,11.389419103,36.0,0.12064898395399265,3,0.34,0,1
11,97,0.31769954568446857,0.0,0.0,185.0,0.9450077397743321,33,0.76,0,1
2,36,0.05271225365774127,0.2087969011,0.7887882931,95.0,0.1389669775828681,11,0.37,0,1
11,102,0.4518613762422192,0.4253176272,1.2535677433,157.0,0.9230468176331388,55,0.71,1,1
21,126,0.18592258676657747,0.2687722343,1.2990657992,306.0,0.6256298620643692,47,0.51,0,1
14,39,0.1402862507913691,0.1148133097,0.5970292102,122.0,0.8528122415641692,13,0.72,0,1
0,7,0.0002917897263852346,0.0660513325,0.2201711082,51.0,0.10597653839884437,0,1.0,0,1
5,29,0.07788859801820976,0.1505481275,0.7742475126,76.0,0.17984525885832356,8,0.87,1,1
9,48,0.2102120276917956,0.2516192854,1.1322867844,91.0,0.30240157058621703,43,0.35,0,1
2,10,0.0210588041077848,0.1078945283,0.1726312452,47.0,0.059468698743971884,3,0.29,0,1
4,32,0.10623505702758686,0.24592439559999998,0.5365623177000001,62.0,0.1392556016061259,13,0.6,0,1
6,69,0.4488876904098654,0.9358637695,3.0553199533999997,289.0,0.7162465639097523,58,0.53,0,1
16,126,0.5339417387633331,0.5572761767000001,1.8947390008000002,441.0,0.7582090625383213,76,0.54,0,1
17,62,0.11173367400971317,0.5603370674,1.4288595219,483.0,0.5342536913985771,25,0.69,0,1
4,4,0.03588767058097738,0.3304426122,0.44059014960000004,55.0,0.07572096412572836,8,0.76,1,1
27,74,0.2404086223697981,0.3334267484,0.8613524334,159.0,0.5684088608557157,28,0.37,0,1
17,102,0.2842331239643691,1.1470923326,3.7963293864999996,547.0,0.7530237206951962,51,0.44,0,1
13,96,0.2875246249031194,1.0102850773,2.655606489,369.0,0.4796690977426332,41,0.51,0,1
2,34,0.07603817960374287,1.0075299913,4.0876931075,195.0,0.3184483882585505,19,0.7,1,1
18,105,0.2874154218221367,0.36176149799999996,1.1965957241,571.0,0.5668213689953251,44,0.62,0,1
27,38,0.2885109657329181,0.5114764954,1.3355219602,235.0,0.6492393050100075,28,0.44,0,1
10,11,0.10255157343259286,0.3946100106,1.1274571731,126.0,0.5891924100145013,9,0.73,1,1
8,23,0.12879939974957744,0.34956509259999996,0.6722405627,163.0,0.2368705468472125,17,0.76,1,1
9,41,0.1823756360047465,0.3594122675,1.1980408917,224.0,0.29540124910689103,29,0.71,1,1
20,112,0.24714124039864666,0.4951470772,0.7977369578,511.0,0.8111930616087577,53,0.56,0,1
21,8,0.17114657017723706,0.4201620296,1.5125833066,100.0,0.43524896696441856,15,0.27,0,1
14,53,0.21100306708923613,0.4160946406,1.6366389195,220.0,0.3823627623745547,36,0.28,0,1
0,0,0.0,0.1622559593,0.6219811772,67.0,0.005322335256839551,0,0.93,1,1
8,65,0.4208856265069307,0.7281568715000001,2.1575018416,265.0,0.5873517163041952,76,0.65,0,1
20,46,0.3485431022079519,0.5087865564,1.3121337507,205.0,0.4268337874252627,29,0.25,0,1
5,63,0.17908962902457076,0.2728882793,1.0915531172,334.0,0.2701918382607387,34,0.75,1,1
19,47,0.2646722865344461,0.3959708047,1.0747778986,243.0,0.5666786548811817,33,0.43,0,1
4,19,0.09536922302524403,0.4859164566,1.0690162045,91.0,0.12129836518959322,16,0.8,1,1
24,43,0.23055530428101545,0.2376866434,0.5810117951,186.0,0.7406125680040974,26,0.55,-1,1
16,75,0.2521637232231241,0.5523835878,0.9469432934,332.0,0.6299141792643382,39,0.49,0,1
25,19,0.1410333587152509,0.4754519157,1.1358017987,211.0,0.4876588330248144,16,0.39,1,1
8,109,0.5225017425117271,0.8866813038,2.7211943463,361.0,0.9963806464469046,72,0.76,0,1
25,29,0.15097161925555574,0.3537868102,1.5330761775,309.0,0.8417531905940555,22,0.76,0,1
12,23,0.10310067759546462,0.159810086,0.6925103725,223.0,0.3933752422460258,17,0.69,1,1
23,52,0.3793922961846505,2.2381813434,7.7004096217999995,252.0,0.6936685969705176,60,0.42,0,1
20,69,0.12585397249681518,0.4864943361,1.1351534509999999,699.0,0.5012956433030744,37,0.72,1,1
5,22,0.14328598855196695,0.3572166459,0.7419114954000001,184.0,0.322239202786802,15,0.81,1,1
4,19,0.15597200107413736,0.6224686645,1.8674059934,121.0,0.185499983966026,28,0.77,1,1
7,41,0.2414342920091956,0.4213847081,1.2641541242,236.0,0.4494146923930861,32,0.64,0,1
27,42,0.2888758521863473,0.4487373652,1.8846969340000002,196.0,0.4454976113113625,31,0.27,0,1
20,74,0.35742235538013944,5.727998669,17.683359993,275.0,0.6754788836400547,42,0.48,0,1
20,52,0.16974952172916333,0.2004702497,1.1359980819,248.0,0.54093561051318,22,0.76,1,1
7,23,0.09360607874082384,0.1662013951,0.4432037203,249.0,0.2254281216044592,17,0.75,1,1
16,6,0.103987155377681,1.6477073843,5.1454721825,99.0,0.4371003559398133,17,0.79,1,1
5,26,0.12240427666905015,1.0075569519,2.9005427404,204.0,0.22229699330536504,17,0.55,0,1
17,10,0.05970909892641015,0.2829993036,0.9904975626000001,175.0,0.4645556730431667,29,0.25,0,1
16,64,0.21344295625532825,0.37033266189999997,0.6552039402000001,482.0,0.9176741350097956,42,0.76,1,1
14,75,0.5339817216844731,0.9530625604999999,3.5355546598000003,268.0,0.8232753068084121,67,0.61,0,1
8,22,0.08238120174534884,1.0061408664,2.721153707,92.0,0.18889285573652745,6,0.42,0,1
9,47,0.18136638452124484,0.2330524818,0.9322099272,156.0,0.2516504587225529,22,0.67,1,1
10,151,0.3671135217639992,1.0662343302,2.9060112138,206.0,0.35375188361753673,32,0.28,0,1
5,100,0.17171419104953484,1.408630255,4.4820053568,184.0,0.4468188774693084,23,0.61,0,1
10,71,0.3073210878484593,0.153461569,0.8111540078,75.0,0.2616720795879008,35,0.26,0,1
7,125,0.2513436498971669,0.0720248411,0.4561573268,250.0,0.9698024057143134,33,0.9,-1,1
13,69,0.4165209436730989,0.5653867943,1.7230835636000001,253.0,0.9471050729361472,58,0.92,1,1
27,42,0.4018108195098683,0.4724099264,2.0563726209,196.0,0.8040866799762328,37,0.38,0,1
5,87,0.11462695893017345,0.7247850113,2.3354183697999997,470.0,0.2369628512354082,20,0.7,0,1
9,3,0.0961377622783603,0.109434777,0.46509780240000004,35.0,0.2270321302606137,4,0.28,0,1
20,50,0.5568157832047383,0.36363482770000005,1.2027921225,149.0,0.858516093553396,34,0.72,0,1
4,7,0.05519918086257986,0.1607271941,0.9911510304000001,56.0,0.4172979535476044,6,0.38,0,1
11,76,0.35703334383680524,1.0251688392,3.5880909373,280.0,0.6495928432744055,69,0.57,0,1
19,29,0.5794259464336654,6.7064396947,19.52844334,73.0,0.947642032493375,7,0.69,0,1
10,64,0.23899761105786155,1.7682726418,4.6592580721,301.0,0.5125394721149007,31,0.69,1,1
6,53,0.20418102982282224,7.5460015098,23.676725385,262.0,0.2728160390629479,28,0.77,1,1
8,29,0.4026415350911568,0.48730736399999997,0.8832445972,106.0,0.2045424292772064,41,0.28,0,1
14,47,0.2743593896753173,0.7057309047,2.0325050057,209.0,0.6982477624636475,33,0.74,0,1
18,18,0.09075647124180848,0.5800611912,2.6392784200999997,204.0,0.6003205984238783,40,0.5,0,1
24,8,0.1854123287736084,0.2111681972,0.8446727890000001,79.0,0.6779394569114433,12,0.55,1,1
24,12,0.15775423882390965,0.4409611229,1.1872030233,166.0,0.7240633350273639,23,0.49,0,1
25,67,0.5109572359542413,0.9850790083,3.3774137426,232.0,0.6798712276974666,27,0.43,0,1
0,19,4.646512340123037e-05,0.1094922559,0.5200882157,53.0,0.07165323070356364,0,0.53,0,1
9,22,0.2743899032923732,0.3627575669,0.613897421,165.0,0.8992810900362906,17,0.89,1,1
22,27,0.15493019588345475,0.7132174752,1.6458864812,213.0,0.6139674108589677,25,0.43,1,1
21,72,0.2669481280478743,1.7366172841,5.0698020713,337.0,0.6650884105725656,53,0.41,0,1
23,76,0.6673480012225302,0.9426707423,2.4155937773,166.0,0.6436418909728228,51,0.42,0,1
14,78,0.3830238780547189,0.4194472407,0.9787102283,272.0,0.9455670198069448,42,0.85,0,1
7,9,0.11799668686615684,1.7631405638,3.4973771839,91.0,0.1747418317373882,6,0.94,0,1
4,59,0.3299429418813139,1.1018182603,2.6015153368,241.0,0.5384727438185171,69,0.68,0,1
2,3,0.02919697600870388,0.2302408325,0.5180418731,45.0,0.061928626104638285,6,0.91,1,1
18,8,0.08868915686095284,0.3437594229,0.6588722273,90.0,0.9265749989443136,13,0.88,1,1
4,5,0.1159049024307421,0.2240045231,0.4160084,60.0,0.15334343398413766,6,0.4,0,1
20,71,0.33332164610412024,0.6138698302000001,1.2277396604000002,288.0,0.7000451824131927,37,0.57,1,1
13,2,0.02410310313428541,0.1447321269,1.0420713136,52.0,0.3624064745390524,6,0.66,1,1
4,2,0.0071594967023868375,0.167133368,0.5571112268,66.0,0.08530750299781119,4,0.76,1,1
3,7,0.08047677159045495,0.21428008399999998,0.6428402518999999,73.0,0.11527098501877918,15,0.59,0,1
4,57,0.2411558739158209,0.5948564547,2.511616142,275.0,0.31747095968361144,55,0.75,0,1
17,23,0.4140504608980039,0.1815041686,0.6957659797,105.0,0.8817609920035505,12,0.84,1,1
3,10,0.050660843582794914,0.3089978083,0.8427212954000001,77.0,0.4613172443105394,8,0.63,1,1
2,19,0.0018074417190532496,0.19164394699999998,0.7985164459,42.0,0.056588847150741375,3,0.88,1,1
25,28,0.3191979644686042,0.41191227490000004,0.8555101093,148.0,0.6893759186347972,27,0.78,1,1
4,9,0.12010664926444918,0.2249435328,0.42176912409999995,80.0,0.17853721674372816,8,0.83,1,1
14,62,0.18473048972781952,0.6871239303,2.0900019546,312.0,0.8058682473990698,40,0.61,1,1
15,88,0.4745315073100835,7.5203043432,25.459648522,319.0,0.7402819598389373,72,0.46,0,1
17,43,0.2340643441257288,0.4433559932,2.4384579624000002,280.0,0.6393910883358839,47,0.56,0,1
5,12,0.1073516249225523,0.49994482960000003,1.2351578143000002,56.0,0.16665826055643393,16,0.52,0,1
7,20,0.1986395869553681,0.1960803977,0.3361378246,78.0,0.30811913220953074,12,0.65,0,1
10,106,0.5197370435932085,7.204340049600001,20.726332143,303.0,0.6501998279199789,72,0.48,0,1
6,9,0.13975408809561538,0.17110759309999998,0.6273945082,72.0,0.503114247450329,13,0.87,1,1
8,11,0.05648543614264277,0.2269998438,0.4823746681,131.0,0.3243102718594144,10,0.76,0,1
12,93,0.35726636495163633,0.2235616609,0.9221918511,329.0,0.4271789568569974,36,0.56,0,1
19,45,0.5062987945392106,0.3038319683,0.6380471334000001,132.0,0.9473157924043784,25,0.67,1,1
1,19,0.0003584939596707146,0.22121314620000002,0.6912910818000001,35.0,0.2144877903943296,2,0.69,1,1
18,33,0.4536534126362669,0.7239637774,2.2554256143,148.0,0.8760149481580828,50,0.64,0,1
25,30,0.188502700841038,0.4434393768,1.0808834809,149.0,0.5714978253433396,25,0.45,1,1
18,31,0.1029309695197776,0.6530952678,1.8405412094,421.0,0.774888602620192,26,0.66,0,1
10,51,0.2389765592895501,0.61979269,1.5052108185,243.0,0.3935577078989,44,0.56,0,1
21,12,0.33849431933804996,1.9509588963,5.6727881754,85.0,0.5329280630362988,10,0.6,1,1
12,14,0.12545930667734406,0.1328878225,0.4318854231,82.0,0.31509189108842456,12,0.43,0,1
22,40,0.4047732369580167,0.5516260906,1.2193839898999999,188.0,0.8433411240396196,35,0.71,0,1
0,0,0.0,0.055335650099999995,0.2490104257,41.0,0.000140787997613171,0,0.47,1,1
7,68,0.4593882442233649,0.47959473909999994,1.4952071277,165.0,0.9549669646213872,77,0.77,1,1
4,27,0.06722461347348926,6.752052194299999,23.119750148,172.0,0.10845239064735067,10,0.53,0,1
5,83,0.3597086408970233,0.7416804664,3.4413973639999997,375.0,0.4990989416820298,75,0.75,1,1
12,9,0.17033784966155002,0.18731923109999998,0.811716668,65.0,0.3075103787341681,6,0.27,0,1
5,19,0.015826341248239457,0.19308712690000002,0.5792613806,43.0,0.1153248388783364,4,0.54,0,1
7,6,0.06143942937870785,0.4252840919,0.963977275,41.0,0.1112774270549909,9,0.45,0,1
8,45,0.3127217643701332,0.42841812479999997,1.6524699101,190.0,0.5325010096933404,48,0.45,0,1
8,45,0.17018354814111214,0.479159755,1.1380044182,320.0,0.2536064646932911,22,0.58,0,1
2,19,0.015637434369449858,0.2291181306,0.4868760276,41.0,0.04851712341245841,4,0.65,1,1
21,37,0.22306797014954885,0.1447301579,0.7525968209,223.0,0.6688076026734574,37,0.4,0,1
29,16,0.16526139854868307,0.3121940693,0.5307299179,87.0,0.7532080363319641,10,0.51,0,1
13,41,0.08784828064747255,1.4236299571000002,85.78068349600001,180.0,0.4129773703471191,18,0.64,0,1
34,28,0.1457478153988274,0.1722655161,1.0335930963,139.0,0.6616403537637635,21,0.44,0,1
6,12,0.028751904948519105,0.0,0.0,47.0,0.1264680047599606,5,0.44,1,1
10,39,0.04141478833173643,0.1139547298,0.5241917573,113.0,0.3379662626513664,11,0.6,1,1
1,12,0.033500950851644964,0.2630221557,0.5917998503,55.0,0.02606568559514514,6,0.16,0,1
12,65,0.34927379538778713,0.8726075339,2.3940770802,53.0,0.2299475517162635,13,0.26,0,1
5,37,0.09950199217681437,0.1994351111,0.7755809877,63.0,0.12761094575744664,15,0.7,1,1
5,25,0.059026803443849876,0.2925465793,0.5625895755,57.0,0.2515388198987581,4,0.78,1,1
6,44,0.08808589578979821,0.4305057401,1.3776183681999998,240.0,0.13697508851957846,18,0.1,1,1
22,14,0.0699973678494623,0.3861184936,0.6534312969,96.0,0.5567346382516457,12,0.45,1,1
9,9,0.2605415369582321,0.9413210367,3.2946236282999997,76.0,0.05036711970684233,14,0.2,-1,1
16,64,0.17785600652234335,0.6470135325999999,1.5881241253999998,424.0,0.6471887339004799,32,0.68,0,1
6,47,0.1175576387089998,0.22163021100000002,0.5263717511,276.0,0.21265105211899266,18,0.82,1,1
35,22,0.6365424106172253,0.4332099506,1.1371761204000002,99.0,0.8234276154348491,8,0.41,0,1
21,11,0.20561043911765006,3.368936391,9.4271114801,109.0,0.5853028528767309,22,0.5,0,1
6,9,0.09074396503087236,0.2034139368,0.5811826765,54.0,0.1319365673102936,12,0.52,0,1
19,57,0.4962150874016173,0.5013961243,1.7416918002000001,163.0,0.4307538137874768,69,0.22,0,1
32,17,0.4691040232034345,0.1386412064,0.804118997,85.0,0.8024563944741495,10,0.7,1,1
14,256,0.4951331945296605,0.8481559762,1.641592212,788.0,0.9684596159794456,65,0.48,0,1
8,17,0.13189302939798084,0.2246380989,0.7019940591,117.0,0.1835377109142923,18,0.6,0,1
11,130,0.3935934162355649,0.5264293458,2.8163970002,581.0,0.7243001619228301,85,0.79,0,1
8,27,0.07132279997197234,0.0,0.0,207.0,0.25192963660332784,14,0.79,0,1
16,78,0.11678878973120302,0.220234326,0.8534080132999999,327.0,0.5962682120749617,30,0.55,1,1
3,19,0.013471994545513434,0.0,0.0,43.0,0.08038374054180203,3,0.24,1,1
17,48,0.18084837845689847,0.6728581095999999,2.5837751409,337.0,0.484260626620109,24,0.5,1,1
5,45,0.25340989197207603,0.6969840055,2.2517944791,231.0,0.3403304544677549,61,0.71,1,1
27,14,0.10848431040357462,0.3503388154,0.5659319325,157.0,0.7567108979460847,12,0.38,0,1
6,19,0.06425620535062268,0.2620402036,0.7599165904999999,185.0,0.3279964002985146,19,0.78,1,1
22,93,0.3992069527807273,0.6137878056,1.5623689598,292.0,0.6717114666871881,44,0.41,0,1
16,66,0.3777832051834047,0.39729883409999994,1.6421685141999998,336.0,0.7149485258155476,49,0.53,0,1
25,22,0.20184015744321127,0.8684865319,2.9739084276,140.0,0.6949158194450471,18,0.58,1,1
28,5,0.03906984710774957,0.1342952418,0.5640400156,49.0,0.21373478655489456,8,0.34,0,1
29,3,0.015875096933819062,0.3011433537,1.1224434093,67.0,0.4543000703255671,8,0.62,1,1
8,48,0.2147777272278447,0.4427695334,1.5773664627000001,231.0,0.5451197009001235,26,0.82,1,1
2,14,0.036758176493848035,0.0805842076,0.617812258,78.0,0.048220563287180884,6,0.92,1,1
7,104,0.36281144693403694,0.4388286446,1.9473021103,409.0,0.9978904894159852,76,1.0,1,1
18,47,0.4991152422451127,1.0290455304000001,3.2157672826,155.0,0.9109145035370464,26,0.5,0,1
20,81,0.3421807364822508,0.1361136562,1.2794683684000001,388.0,0.6722473887262981,58,0.58,0,1
9,3,0.040040043304751784,0.24415147350000002,0.7324544206,53.0,0.13470704799447106,5,0.75,0,1
10,15,0.017534656611158668,0.1329225283,0.770950664,62.0,0.2738846713469521,6,0.57,0,1
23,52,0.2294241893708441,0.1672701495,0.8921074639,333.0,0.4342037833572286,33,0.33,1,1
9,70,0.20047290177688987,0.1578471044,0.5787727161,179.0,0.414906375684054,16,0.63,1,1
16,5,0.061780213089058136,0.6241970756,1.3298111611,80.0,0.7076298929803126,5,0.46,1,1
17,41,0.1355254921294195,0.1872018143,0.7488072570000001,342.0,0.7682363869024845,15,0.54,1,1
7,5,0.08524831998491351,0.3196812309,0.6127223593,81.0,0.14980843799387125,7,0.63,1,1
5,3,0.031548590615814116,0.1322768225,0.5026519254,64.0,0.10942294578265672,6,0.89,1,1
6,23,0.06901545003243721,0.2592838155,1.0371352619,147.0,0.2161071839421292,11,0.7,1,1
3,2,0.016971924807138668,0.0803494645,0.749928335,61.0,0.11446151512820014,9,0.85,1,1
16,47,0.34246307916917845,0.7525282354,1.8942952132,223.0,0.5584553144094663,39,0.28,0,1
11,18,0.13114469516541274,0.1907367706,0.7084508624,118.0,0.29352685003592577,21,0.79,0,1
6,48,0.20193752717979446,0.5320966273,0.6917256154000001,173.0,0.9291806614369604,17,0.61,1,1
9,15,0.18334078937652792,0.2954039972,0.8593570827,129.0,0.3571373151178883,27,0.88,1,1
10,51,0.16684750044952135,0.38058400670000003,1.2776748796,149.0,0.5872058891220424,62,0.73,1,1
5,50,0.08905701526628021,0.4265249571,0.7874306901000001,158.0,0.16395930880321954,19,0.87,1,1
22,86,0.3897975325547751,0.5424874253,1.2748454493999999,389.0,0.8827559152617772,42,0.48,0,1
27,46,0.3083625313457235,0.4486612118,1.0936117037,340.0,0.6263079875771863,35,0.45,0,1
2,9,0.03198325225672677,0.3910141485,1.1171832815,78.0,0.044028688934249466,3,0.23,0,1
2,19,0.015656549126333286,0.084223962,0.8422396195999999,63.0,0.03020071010639638,3,0.8,1,1
5,11,0.07231174625754977,0.380044349,0.7872347229000001,95.0,0.19835023153110426,18,0.17,0,1
7,18,0.1107048666660625,0.2399998784,0.7733329415000001,79.0,0.13813478381842864,11,0.56,1,1
20,8,0.029979287120361464,0.1684170248,1.0105021487999999,79.0,0.6626028437662106,7,0.68,1,1
5,41,0.2176867749630122,0.1374355122,0.49476784380000005,188.0,0.26913051626354245,32,0.71,1,1
6,4,0.07075544349980273,0.12805523789999998,0.5122209515999999,38.0,0.11803667088675175,6,0.35,0,1
4,22,0.060976625656074375,0.5154843461999999,1.1522591268,154.0,0.12636054688598836,12,0.76,1,1
22,41,0.13663687941812014,0.3380239604,1.774625792,221.0,0.6148313945024578,28,0.44,0,1
18,48,0.43789458235371503,0.18974775789999998,0.7273664052,167.0,0.8221450901987682,29,0.47,0,1
6,17,0.039712237552477936,0.1239407328,0.4028073815,86.0,0.1355774307620282,7,0.39,0,1
0,0,0.0,0.13991936,0.363790336,25.0,4.8636492450577355,0,0.45,0,1
6,14,0.0837380774676211,0.2549426294,0.5665391765,98.0,0.1685513961390235,13,0.77,1,1
20,28,0.09911987940204584,1.6349876072,4.3129845500999995,142.0,0.5192755996135259,16,0.6,1,1
10,58,0.29748480226660595,0.032760044599999996,0.3276004457,270.0,0.5237168148398748,30,0.55,0,1
3,10,0.03874591005916976,0.2519661311,0.44094072939999995,89.0,0.15969903496319438,5,0.66,1,1
5,6,0.040036122247513316,0.2259003697,0.4800382856,67.0,0.12877947944836826,9,0.48,1,1
6,81,0.31906797601681897,0.3494692055,1.8426558109,322.0,0.8018267238138037,62,0.78,0,1
20,23,0.2274000446897059,0.2031655161,0.6965674838,110.0,0.92851425076271,14,0.57,0,1
4,4,0.03620033729691622,0.1662280324,0.6372074577,55.0,0.0944445442723546,6,0.59,0,1
3,32,0.2448621689448344,0.767021113,2.0945576548,141.0,0.4750761614855914,58,0.56,0,1
1,26,0.10483910016063136,0.3392413866,1.0794044118000001,174.0,0.11095336822772743,22,0.67,1,1
13,177,0.3325169665223301,0.0,0.0,709.0,0.43056096585782094,45,0.52,0,1
19,31,0.18141734394979275,1.4178711875999999,3.6697842502999998,239.0,0.5605412281770603,15,0.78,0,1
18,57,0.4361605656297291,1.3241466978,4.9434810051,248.0,0.6755517965096192,74,0.32,0,1
26,52,0.4856686897872823,0.1471810574,0.735905287,187.0,0.5597279088191708,43,0.3,0,1
16,28,0.1694989273573533,0.5163921961,0.9180305708,127.0,0.5745442528310721,24,0.67,1,1
13,125,0.3329705932933609,0.3695346518,1.0470148467,641.0,0.6197680308458573,52,0.46,1,1
26,14,0.12375500026896764,0.0,0.0,184.0,0.6638193216236983,17,0.6,0,1
6,26,0.0948265856720132,1.1615815264,2.2737340516,147.0,0.14049595020923106,14,0.86,1,1
2,19,0.02092809758568857,0.0,0.0,46.0,0.06562722753110761,2,0.29,0,1
17,31,0.09870921295413077,0.2113015875,0.8921622583,192.0,0.7278768554891611,31,0.78,1,1
7,7,0.015996992434383538,0.1079475522,0.4102006982,87.0,0.13707919547851974,5,0.61,1,1
27,114,0.5217554930828391,0.2899577958,0.8698733873000001,115.0,0.6211207969839735,43,0.36,0,1
27,128,0.3877106182591796,0.7300459395000001,1.9163705912,294.0,0.7116508449010387,44,0.75,1,1
10,77,0.2544535679682388,0.2660302321,1.0157517951000001,159.0,0.7968778410755066,23,0.8,0,1
27,130,0.19007378389866653,0.4522630017,1.383392711,594.0,0.6974995985386097,54,0.54,1,1
1,4,0.024483918376637884,0.0894409689,0.6857140948999999,45.0,0.07788478187753141,4,0.78,1,1
6,28,0.1993425222191868,0.2575324154,0.5722942564,147.0,0.8454495722755957,14,0.64,0,1
7,14,0.12355481848435095,0.250822722,0.8465266869,81.0,0.18462428341507184,14,0.66,0,1
10,32,0.3816250229042948,0.1904609355,0.8888176988,225.0,0.9347729939187092,28,0.95,1,1
17,85,0.20253051385145546,0.4608337556,1.1191676921,386.0,0.7322242095192464,50,0.48,0,1
11,154,0.2296726149791249,0.6906189998000001,2.5980429041,796.0,0.5773078210017197,42,0.61,0,1
5,74,0.4725938561447929,0.461858306,1.9134129821,209.0,0.4930208937983251,75,0.41,0,1
16,78,0.5635794462689929,0.534771672,2.3278296311,205.0,0.6536518997225279,42,0.37,0,1
4,19,0.002950312510169889,0.30305122440000004,1.3499554541999998,65.0,0.1335890463942117,6,0.24,0,1
21,76,0.20384623625243886,0.29115285469999996,1.310187846,313.0,0.7555095942937317,46,0.47,1,1
5,26,0.06738673719520412,0.055834811799999995,0.39084368270000003,103.0,0.08757463365138303,14,0.34,1,1
19,2,0.02339743525064705,0.3313262784,0.6350420336,58.0,0.45542525768346004,13,0.57,1,1
22,8,0.1362864640321698,0.20000384670000002,0.9333512848000001,131.0,0.5567933701941203,23,0.66,1,1
11,7,0.10764273947949758,0.1407571705,0.4504229457,80.0,0.27875955920228784,9,0.3,0,1
5,11,0.08037002847208773,0.2627618677,0.6569046691,63.0,0.09703440552504816,7,0.52,0,1
7,31,0.2613369950850337,0.3649592858,1.6119035121,133.0,0.3226247435512454,54,0.67,0,1
23,5,0.06042628116611502,0.1497005361,0.5988021442,72.0,0.523908761034658,9,0.47,0,1
17,30,0.2261857822059951,0.7444581959000001,3.0064657912,161.0,0.6092183491911147,40,0.39,0,1
10,33,0.10010250196015502,0.31519958600000003,1.0888712969,159.0,0.2876102368027648,13,0.7,1,1
21,35,0.2305645714347661,0.2345648555,0.7036945665000001,174.0,0.5300552549025779,13,0.65,1,1
13,72,0.2954106119038236,0.4681442214,1.1859653608,353.0,0.4405286322623074,37,0.65,1,1
25,4,0.1647355045877535,0.2781276237,0.3893786732,47.0,0.5503752958126439,4,0.38,0,1
27,50,0.4120137447436273,0.2565750053,0.6842000142,198.0,0.7956985785118349,30,0.57,1,1
28,42,0.17554029506895213,0.31825999969999996,1.070510908,205.0,0.911737186127052,16,0.8,1,1
12,19,0.015826294749044068,0.1421106761,0.48317629869999995,53.0,0.2261603335970377,3,0.65,1,1
18,80,0.20716584722039905,0.290087807,1.24737757,322.0,0.5124750547504162,42,0.77,1,1
16,81,0.3013045147713771,0.9325481192,3.7301924769999997,389.0,0.6652839001682185,49,0.49,1,1
20,85,0.30700345859055644,0.2569499089,0.9956808969,366.0,0.8984495776252026,47,0.7,0,1
23,68,0.2714520937885698,0.6778656090999999,2.1183300284,267.0,0.5779510511808844,39,0.43,1,1
6,11,0.07405739982420909,0.343159957,0.343159957,79.0,0.2292888539410449,13,0.59,0,1
7,25,0.16823941550254834,0.48497902979999996,1.4264089112,217.0,0.3974873269189063,22,0.63,1,1
2,3,0.017746045607653006,0.0869738459,0.4348692296,67.0,0.050587394398279854,3,0.56,0,1
3,45,0.182152495349732,0.2874502057,1.0635657612,300.0,0.17061569774676946,26,0.74,1,1
4,52,0.14419393131346386,0.2925212468,0.43878187020000003,194.0,0.20449514917889008,23,0.59,0,1
9,50,0.2157729436655336,0.2279264293,0.7407608953,207.0,0.31244223876545923,26,0.4,0,1
9,33,0.1847102311611337,0.4590444554,1.4918944799,166.0,0.4527582772786959,22,0.5,1,1
16,41,0.11889270868022515,0.2615515476,0.7265320767,396.0,0.4602871973977296,35,0.38,0,1
16,63,0.4027870984080309,0.7210353345999999,3.0944433112,215.0,0.6070723113748785,67,0.41,0,1
11,112,0.5200276471794176,0.8339559947,2.409206207,354.0,0.9327281962698584,79,0.9,0,1
4,9,0.1088652635615952,0.0295724632,0.6801666538,95.0,0.10394268547918167,9,0.69,0,1
21,29,0.3849490490472975,0.6254424117,1.7057520318000001,96.0,0.2701177085820932,42,0.21,0,1
13,74,0.2337412603629473,0.8199637073,2.0640465734999998,361.0,0.6248985826672285,77,0.46,0,1
1,2,0.0007200122212417048,0.1602419782,0.4807259346,58.0,0.034489601116040075,2,0.24,1,1
22,28,0.19987837271321046,0.2486641529,0.9324905732,213.0,0.7005625555964029,44,0.72,1,1
15,46,0.14764748647377068,0.0891169358,0.8020524224,310.0,0.3681518630023286,14,0.27,0,1
23,2,0.02761234943858173,0.2334209897,0.4376643557,47.0,0.6164255088225865,4,0.69,1,1
6,3,0.0627875237402461,0.058216304299999994,0.6112711946,50.0,0.12655638294665875,6,0.62,1,1
23,18,0.2216048669411481,0.5831584538,2.1868442019,98.0,0.5948893740870207,21,0.47,0,1
15,38,0.391224588030909,0.6977129583,1.423334435,200.0,0.6622758852125601,61,0.64,1,1
0,0,0.0,0.1144904658,0.37209401369999995,48.0,0.001857068523949832,0,0.24,0,1
11,33,0.17335526279699426,0.2341520616,1.2227940996,194.0,0.973727331933227,54,0.75,0,1
0,2,6.407980720791227e-05,0.0,0.0,72.0,0.027465677329096518,2,0.69,1,1
6,45,0.41668167747499096,0.2812941896,0.8694547677,153.0,0.4593236607285383,56,0.3,0,1
22,28,0.08227352125613951,0.1736539819,0.5209619458,57.0,0.5597823330536428,5,0.23,0,1
9,42,0.07055294871341625,0.0,0.0,100.0,0.2724742797590157,5,0.77,1,1
9,92,0.2853802101700183,0.2801012043,0.7469365448,140.0,0.6304663067954158,34,0.88,1,1
20,99,0.3857577008449722,0.43429805479999994,1.6069028028,100.0,0.5541736547552994,65,0.35,1,1
9,106,0.17133062839893046,0.167849804,0.5275279553,324.0,0.8336156370254558,20,0.92,1,1
23,34,0.1222632019439332,0.0,0.0,93.0,0.9468491769037118,12,0.79,1,1
8,36,0.09799686835044594,0.09452149630000001,0.37808598509999997,95.0,0.16609074959715914,12,0.62,0,1
6,36,0.1459134093525478,0.9017861848000001,2.0571997341,143.0,0.17557960514833895,20,0.57,0,1
3,14,0.06374566084110188,0.0930282721,0.713216753,102.0,0.06757569580095593,14,0.55,0,1
2,6,0.052182885003158735,0.2751381634,0.6328177758,92.0,0.5777983349834064,1,0.55,0,1
2,6,0.06956463561855579,3.3175876767,10.044072782999999,71.0,0.07277525139819291,6,0.3,0,1
13,27,0.09788013356809942,0.2425492182,0.37729878380000004,133.0,0.9473501023389798,19,0.74,0,1
4,11,0.098700005162493,0.19600835149999998,0.8960381784,85.0,0.1556932877999068,13,0.52,0,1
9,11,0.0627136954450817,0.1719567636,0.6018486728,118.0,0.18229134364596453,13,0.79,1,1
8,16,0.18391300533705668,3.6638945419,10.567761942999999,107.0,0.17767939958903334,16,0.61,0,1
16,81,0.4648823362961584,0.37711226979999996,0.7542245395999999,275.0,0.9021721656866584,37,0.78,0,1
18,24,0.25294736025590603,0.8874443136,2.7214958951,117.0,0.4032738387982078,36,0.31,0,1
1,13,0.044644384331362766,0.22646008120000002,0.3235144016,184.0,0.09245245818702784,10,0.94,1,1
18,53,0.2986810473632481,0.592985734,1.5916985493,245.0,0.6872479288104495,40,0.81,1,1
16,109,0.3075266353906536,0.4478210006,1.5033990733000002,532.0,0.6902181298752564,51,0.63,0,1
5,33,0.1064119631012846,0.15567378810000002,0.5292908794,158.0,0.2664775608977244,21,0.83,0,1
0,19,1.2800613495454072e-05,0.028660581,0.028660581,53.0,0.000829391542354327,0,0.36,0,1
11,8,0.0928239180777862,0.12386884140000001,0.5264425758,94.0,0.2812176802231052,9,0.68,1,1
17,96,0.4164936341100804,0.5004846725,1.5640146015,367.0,0.6279510302379291,67,0.42,0,1
19,10,0.09893847105525096,0.1811077947,0.36221558950000005,93.0,0.9410647476401932,16,0.65,0,1
5,8,0.04141486741528688,0.1300318464,0.6176512705,79.0,0.1505596921477032,5,0.75,1,1
1,5,0.09687722983852223,0.08962059929999999,0.4182294632,72.0,0.032977212207155084,14,0.27,0,1
18,52,0.5701177737261993,0.3390154776,0.7910361144,201.0,0.946488405028838,39,0.69,0,1
9,52,0.32992019061039096,0.2901383709,0.9026527093000001,275.0,0.4306451670072928,26,0.64,0,1
14,99,0.6514265425104153,1.1111600411,3.5674085531,318.0,0.92091938968057,72,0.52,0,1
25,71,0.2897855522680347,0.0,0.0,311.0,0.7242507037835836,41,0.81,1,1
9,30,0.22792348785909386,0.6018912754,2.0591017318000002,122.0,0.3329257027879025,54,0.61,1,1
6,7,0.1801711108972585,0.2791718708,0.7754774188,71.0,0.2591171041235887,6,0.69,0,1
0,19,1.1340324034811033e-05,0.0894671542,0.26840146260000003,38.0,0.06810773356747676,0,0.36,1,1
11,33,0.20174610110396893,0.3180547632,1.214390914,286.0,0.5640108837619262,38,0.75,0,1
22,21,0.1524430499371082,0.2034454021,0.7911765639,159.0,0.2574360195057379,19,0.23,0,1
4,27,0.181034743066121,0.5478891657,0.7000806006,178.0,0.4089270967642475,23,0.55,0,1
21,20,0.0670786277100281,0.1349869815,104.93887938,169.0,0.4938615295293463,16,0.4,0,1
5,38,0.17541766333650946,0.1153194377,0.6342569075,298.0,0.2170157389430684,11,0.87,1,1
4,50,0.10892293687749184,0.0,0.0,121.0,0.11723436215140548,17,0.31,0,1
12,130,0.42931713935600974,0.0,0.0,553.0,0.6057786201692793,77,0.26,0,1
28,73,0.2454088218917156,0.4098591666,0.8412898682,172.0,0.7420969354090193,22,0.69,0,1
4,86,0.12292402139431095,0.17125046260000001,0.31803657329999996,253.0,0.3704169643649608,10,0.75,1,1
16,77,0.17868089585536445,0.4675627194,1.3389296057,266.0,0.7782743292108926,39,0.88,1,1
23,110,0.4035168330860705,0.173396469,1.2354498417,112.0,0.5957638994572094,32,0.21,0,1
5,49,0.09024870922207012,0.17641094350000003,0.5040312672999999,158.0,0.1298403243951483,17,0.63,0,1
24,143,0.3307208652889549,0.2761056449,0.8743345423000001,379.0,0.8421661112116126,45,0.54,0,1
13,56,0.22180854032361985,0.9251665922,3.1902296283,350.0,0.5935212521862469,43,0.48,1,1
8,106,0.4512619855590189,0.0,0.0,309.0,0.8010597711805146,60,0.81,0,1
5,19,0.09850001466971588,3.8515992339999996,11.760608348,128.0,0.15445477669085966,19,0.73,0,1
5,19,0.09728876338041967,0.37469062259999997,0.8430539009,125.0,0.14340187853371011,13,0.52,0,1
20,27,0.159237768878593,0.7204535089,3.1589115388,223.0,0.4957531370083793,32,0.31,0,1
18,27,0.3151472600405355,0.2843606882,0.3696688947,184.0,0.41306124426764057,21,0.7,1,1
20,19,0.11400183056596536,0.40861674649999996,1.3425978814,151.0,0.4437097516922849,32,0.32,0,1
12,82,0.4828013733127892,0.2497830842,0.9158713088,257.0,0.5074842718515816,48,0.36,0,1
16,31,0.12948181509889944,1.1813039799,4.3955496926999995,185.0,0.5777675648977919,42,0.38,0,1
9,7,0.16927815745563685,0.4479307893,1.5957534369,65.0,0.18324555877836127,8,0.22,0,1
6,28,0.11258710557455462,0.2199935531,0.5224846886,170.0,0.18706769999146464,18,0.49,0,1
8,54,0.13804793150486672,0.0905158189,1.1465337058,232.0,0.18371915727023905,18,0.54,1,1
0,19,0.0057784662002130895,0.087190716,0.668462156,53.0,0.0055440557162764,3,0.72,1,1
3,2,0.05105289098780348,0.0577252805,0.4618022439,39.0,0.06494887039431647,4,0.39,0,1
1,3,0.0002033300167812015,1.5585059866,3.5271451276,72.0,0.10221733146802887,0,0.36,0,1
7,15,0.058960773653918275,0.6355792322,1.0677731101,132.0,0.2472458925680373,14,0.53,0,1
4,19,0.06755026953859758,0.0,0.0,81.0,0.11168340028090068,12,0.75,0,1
4,140,0.3453723945412371,0.488563907,1.8432183765,335.0,0.7511981786166254,72,0.67,0,1
9,11,0.0691895974562986,0.0,0.0,40.0,0.22269092131925214,4,0.38,0,1
7,46,0.19976345355269173,0.2602132226,0.32526652829999997,47.0,0.21530254312652547,18,0.26,0,1
2,16,0.035733038739287376,0.1974121071,0.5044976071,43.0,0.10953370347664426,3,0.62,0,1
3,16,0.06693838829764374,0.1289334673,0.5157338692,63.0,0.10045018894419304,12,0.52,1,1
11,61,0.6386788413069642,0.6498291783,1.8364737647,178.0,0.9497690205272687,68,0.88,0,1
2,22,0.031518887218070904,0.0448198696,0.3137390873,65.0,0.1234015821482439,7,0.42,1,1
15,83,0.2601327442123099,0.0,0.0,185.0,0.38275272543462696,56,0.34,0,1
15,26,0.09380064205056184,0.2400927317,0.5020120753,94.0,0.7102528194834142,21,0.58,1,1
10,26,0.12262296925278207,0.18437224870000002,0.553116746,68.0,0.2863818837051104,12,0.48,0,1
7,24,0.1348084307270321,1.4757939837,3.8414049281000002,46.0,0.2209586104012105,7,0.39,0,1
23,122,0.19242858369577745,0.2436347163,0.7752013701999999,316.0,0.3649553121287665,41,0.26,0,1
4,25,0.08782187651729252,0.1261114226,0.5464828312,75.0,0.12698996421114386,14,0.59,0,1
0,19,8.179312888740548e-05,0.0,0.0453034379,81.0,0.0076084255158183935,1,0.9,0,1
11,117,0.4032242722319225,0.0,0.0,135.0,0.44076959343962907,84,0.22,0,1
4,20,0.042396154202759,0.2894490242,0.5121021198,75.0,0.08485847501474629,9,0.78,0,1
5,38,0.1992567629633038,0.4067202936,1.1297785934,72.0,0.1994259876985988,27,0.56,0,1
16,91,0.3518523012405643,0.17572179370000002,0.4393044844,189.0,0.8027746970538701,28,0.79,1,1
5,99,0.2356989855917944,0.0443808871,0.5547610884,185.0,0.39990418914433,34,0.34,0,1
16,234,0.4278479488679349,0.38168355579999996,1.3995063712,378.0,0.7831085856733018,79,0.43,0,1
17,61,0.22149288633542544,0.3326879504,1.1168809763,100.0,0.4129121024864818,21,0.91,1,1
21,72,0.07272752074907947,0.3695569686,0.8776978005,300.0,0.6253950967742682,8,0.79,1,1
15,150,0.40381639311331397,0.2714659985,0.7012871628,249.0,0.7126301729650024,50,0.53,1,1
24,167,0.6928790816386865,0.6434861782,2.0591557702000003,200.0,0.8911025313388415,29,0.5,0,1
11,81,0.2047846584330363,0.1903012945,0.7136298545,111.0,0.3321881891073581,32,0.23,0,1
6,49,0.056335319405309676,0.3270527861,0.8503372438,223.0,0.1924425960539568,7,0.54,0,1
15,171,0.3664272468284148,0.2537540782,1.1764961808,300.0,0.5205003431068742,53,0.28,0,1
24,76,0.22373391918299207,0.2790413402,0.8585887390000001,227.0,0.9265543622029658,34,0.6,0,1
17,305,0.5172460996195272,0.631811197,2.7015375322,446.0,0.770072076723175,85,0.52,0,1
13,36,0.0651081456548738,0.2865733713,1.050769028,126.0,0.338899130619408,14,0.53,0,1
7,65,0.17070392034952428,0.0,0.0,134.0,0.6066228485236901,21,0.84,1,1
18,49,0.053308842075726434,0.0,0.0,118.0,0.2485362585555416,9,0.22,0,1
3,21,0.053039052751387435,0.12077390660000001,0.5314051892,130.0,0.09977039324053533,11,0.34,0,1
4,59,0.14520583866145895,0.3112001835,0.6446289516,150.0,0.1847625995008448,19,0.5,0,1
14,204,0.4260712017653988,0.3257017232,1.16322044,349.0,0.6098669016336289,43,0.62,0,1
5,47,0.07507536618334283,0.1579907192,0.49654226030000004,249.0,0.17547149354801087,20,0.79,0,1
6,53,0.08684312494874417,0.4740100942,1.1511673717,132.0,0.2926979705182827,18,0.68,0,1
1,26,0.037412731136373605,0.0671209307,0.7159565940000001,72.0,0.03985555520207097,2,0.43,0,1
2,9,0.020171254098563383,0.045425393700000004,0.158988878,83.0,0.07538484317630226,4,0.46,1,1
17,275,0.44544714029364135,0.7172490897,3.1603788017000003,649.0,0.8542878722036593,76,0.79,1,1
5,14,0.016275507415936846,0.1353223585,0.4736282547,83.0,0.12882249639799714,6,0.43,0,1
0,11,0.0006356539244026008,0.023244127599999997,0.1394647654,80.0,0.03653013584315679,2,0.73,0,1
13,76,0.08113450384788695,0.8595876667,1.9001411578999998,435.0,0.7534952366837927,26,0.88,1,1
21,157,0.4131998753634791,0.2295346404,0.6375962235,238.0,0.8201304980746685,53,0.46,0,1
2,13,0.0045430620251351314,0.11336676970000001,0.36277366310000003,73.0,0.058682205555713136,0,0.67,0,1
21,178,0.3063493740121145,0.2459458784,0.8496312165000001,328.0,0.5683354290619338,51,0.28,0,1
3,28,0.0685979106529295,0.2046074832,1.0230374158,77.0,0.12853689154891762,9,0.61,1,1
20,13,0.032037090434251236,0.1569584396,0.6054111243,63.0,0.5399221568105804,8,0.57,1,1
5,45,0.0764156888223445,0.42754328880000003,1.2113726515,120.0,0.11102454639526392,9,0.58,0,1
21,23,0.07405309138486336,0.2602085168,0.6938893781000001,75.0,0.5186428516646204,6,0.38,0,1
6,36,0.06239527505718361,0.1317643942,0.5709790415,141.0,0.16890103061908224,10,0.74,1,1
3,55,0.09978449929448586,0.6275424369,1.7378098252,231.0,0.2397039413285044,28,0.23,0,1
25,258,0.6076607993820875,0.1391124445,0.3477811113,310.0,0.7386225834242414,42,0.71,0,1
8,11,0.016204053752141106,0.4367028385,0.8079002513,61.0,0.1431738005107582,6,0.39,0,1
2,27,0.05785068241518247,0.1156232119,0.18499713899999998,107.0,0.12376436486144896,13,0.78,1,1
8,42,0.08225031769042981,0.2905578012,1.2069324052,122.0,0.20874699632262647,10,0.67,0,1
8,49,0.20583204327933385,0.3936078608,1.0277538588,114.0,0.7910760669378877,21,0.74,0,1
23,44,0.17613109277829678,3.1856606777999996,7.7774060685,81.0,0.5283902194610871,16,0.36,0,1
24,162,0.44456453846767796,0.6247445218,2.1605748045,188.0,0.8589201935261559,55,0.48,0,1
19,48,0.05749911567851607,0.22951104420000001,0.6426309237,155.0,0.8640202098147491,12,0.57,1,1
0,2,1.2431434740466847e-05,0.021965099300000002,0.021965099300000002,115.0,5.568111049308316,0,0.65,0,1
21,238,0.6369589750232449,0.34183231740000003,1.7091615868,238.0,0.6265417760107991,64,0.25,0,1
19,65,0.19763021565530445,0.2568309763,0.5778696966,188.0,0.6185392731118108,38,0.58,0,1
17,28,0.06313180046150545,0.2261826247,0.7916391864,90.0,0.8619275226602771,20,0.67,0,1
20,78,0.18246926696776888,0.1926741643,0.620838974,153.0,0.8421678584627047,19,0.71,0,1
12,150,0.3858840676855084,0.2489718211,1.0705788306,271.0,0.6168468784775106,35,0.77,0,1
22,205,0.5618400807624994,0.6085025188000001,1.8907042547,247.0,0.7743921020963154,64,0.38,0,1
1,14,0.022672219435764016,0.35062568060000004,1.0737911467,97.0,0.05602971180205815,5,0.6,1,1
4,43,0.08748408267542325,0.3357358817,0.6267069791,136.0,0.145809799087344,19,0.94,1,1
2,86,0.17277045487106454,0.0798503158,0.2927844912,211.0,0.7371403255614225,21,0.66,1,1
9,73,0.2078674189581107,0.45225474509999997,1.7228752193999999,118.0,0.3667681149650813,72,0.35,0,1
19,98,0.09356522134094616,0.5139024005,1.5193636190000002,580.0,0.6097251487177099,36,0.91,1,1
15,217,0.2908996203894272,0.8758304023000001,2.4253764987,570.0,0.5191798725868288,48,0.61,1,1
6,44,0.0720850243440199,0.12278328890000001,0.4665764979,117.0,0.16731061970145167,9,0.75,1,1
14,33,0.0504695827831646,0.1706412498,0.2772920309,106.0,0.3112532248148902,11,0.33,1,1
8,85,0.24347875388289505,0.17550055280000001,0.7897524876,210.0,0.31264069411068257,28,0.51,0,1
18,77,0.16870414080166002,0.1463580881,0.5645240539999999,85.0,0.4207170048644355,11,0.61,1,1
4,31,0.097081102454988,0.2964870708,0.6988623812,90.0,0.1600196330836827,14,0.38,0,1
32,63,0.17951728106075704,0.9379856616,2.9807099914,119.0,0.7430914704233705,12,0.34,0,1
21,89,0.08395554917500184,0.04604202599999999,0.34531519509999997,51.0,0.3224227716945253,22,0.18,0,1
14,60,0.10117094737323724,0.5480810620000001,1.3245292331999998,163.0,0.5502837234299941,18,0.8,1,1
